/*******************************************************************************
 * Size: 38 px
 * Bpp: 4
 * Opts: --font assets/ShareTechMono-Regular.ttf -r 0x20-0x7E --size 38 --format lvgl --bpp 4 --no-compress -o font_sharetech_38.c --lv-include lvgl.h
 ******************************************************************************/

#ifdef LV_LVGL_H_INCLUDE_SIMPLE
#include "lvgl.h"
#else
#include "lvgl.h"
#endif

#ifndef FONT_SHARETECH_38
#define FONT_SHARETECH_38 1
#endif

#if FONT_SHARETECH_38

/*-----------------
 *    BITMAPS
 *----------------*/

/*Store the image of the glyphs*/
static LV_ATTRIBUTE_LARGE_CONST const uint8_t glyph_bitmap[] = {
    /* U+0020 " " */

    /* U+0021 "!" */
    0x6f, 0xfd, 0x6, 0xff, 0xd0, 0x6f, 0xfd, 0x6,
    0xff, 0xd0, 0x6f, 0xfd, 0x6, 0xff, 0xd0, 0x6f,
    0xfd, 0x6, 0xff, 0xd0, 0x6f, 0xfd, 0x6, 0xff,
    0xd0, 0x6f, 0xfd, 0x6, 0xff, 0xd0, 0x6f, 0xfd,
    0x6, 0xff, 0xd0, 0x6f, 0xfd, 0x6, 0xff, 0xd0,
    0x6f, 0xfd, 0x6, 0xff, 0xd0, 0x4b, 0xb9, 0x0,
    0x0, 0x0, 0x0, 0x0, 0x0, 0x0, 0x0, 0x0,
    0x0, 0x8, 0xcc, 0xc1, 0xaf, 0xff, 0x2a, 0xff,
    0xf2, 0xaf, 0xff, 0x20,

    /* U+0022 "\"" */
    0x7f, 0xff, 0x20, 0x9f, 0xff, 0x7, 0xff, 0xf2,
    0x9, 0xff, 0xf0, 0x7f, 0xff, 0x20, 0x9f, 0xff,
    0x7, 0xff, 0xf1, 0x9, 0xff, 0xf0, 0x5f, 0xff,
    0x0, 0x7f, 0xfe, 0x3, 0xff, 0xd0, 0x5, 0xff,
    0xb0, 0x1f, 0xfb, 0x0, 0x3f, 0xf9, 0x0, 0xff,
    0x90, 0x1, 0xff, 0x70, 0xd, 0xf7, 0x0, 0xf,
    0xf5, 0x0, 0x46, 0x20, 0x0, 0x56, 0x10,

    /* U+0023 "#" */
    0x0, 0x4f, 0xfb, 0x0, 0x3f, 0xfd, 0x0, 0x0,
    0x4, 0xff, 0xb0, 0x3, 0xff, 0xd0, 0x0, 0x0,
    0x4f, 0xfb, 0x0, 0x3f, 0xfd, 0x0, 0x0, 0x4,
    0xff, 0xb0, 0x3, 0xff, 0xd0, 0x0, 0x0, 0x4f,
    0xfb, 0x0, 0x3f, 0xfd, 0x0, 0x0, 0x4, 0xff,
    0xb0, 0x3, 0xff, 0xd0, 0x0, 0x0, 0x4f, 0xfb,
    0x0, 0x3f, 0xfd, 0x0, 0xf, 0xff, 0xff, 0xff,
    0xff, 0xff, 0xff, 0xf7, 0xff, 0xff, 0xff, 0xff,
    0xff, 0xff, 0xff, 0x7c, 0xde, 0xff, 0xfd, 0xde,
    0xff, 0xfd, 0xd6, 0x0, 0x4f, 0xfb, 0x0, 0x3f,
    0xfd, 0x0, 0x0, 0x4, 0xff, 0xb0, 0x3, 0xff,
    0xd0, 0x0, 0x0, 0x4f, 0xfb, 0x0, 0x3f, 0xfd,
    0x0, 0x0, 0x4, 0xff, 0xb0, 0x3, 0xff, 0xd0,
    0x0, 0x0, 0x4f, 0xfb, 0x0, 0x3f, 0xfd, 0x0,
    0x0, 0x4, 0xff, 0xb0, 0x3, 0xff, 0xd0, 0x0,
    0x0, 0x4f, 0xfb, 0x0, 0x3f, 0xfd, 0x0, 0xc,
    0xde, 0xff, 0xfd, 0xde, 0xff, 0xfd, 0xd6, 0xff,
    0xff, 0xff, 0xff, 0xff, 0xff, 0xff, 0x7f, 0xff,
    0xff, 0xff, 0xff, 0xff, 0xff, 0xf7, 0x0, 0x4f,
    0xfb, 0x0, 0x3f, 0xfd, 0x0, 0x0, 0x4, 0xff,
    0xb0, 0x3, 0xff, 0xd0, 0x0, 0x0, 0x4f, 0xfb,
    0x0, 0x3f, 0xfd, 0x0, 0x0, 0x4, 0xff, 0xb0,
    0x3, 0xff, 0xd0, 0x0, 0x0, 0x4f, 0xfb, 0x0,
    0x3f, 0xfd, 0x0, 0x0, 0x4, 0xff, 0xb0, 0x3,
    0xff, 0xd0, 0x0, 0x0, 0x4f, 0xfb, 0x0, 0x3f,
    0xfd, 0x0, 0x0,

    /* U+0024 "$" */
    0x0, 0x0, 0x3, 0x88, 0x60, 0x0, 0x0, 0x0,
    0x0, 0x6, 0xff, 0xd0, 0x0, 0x0, 0x0, 0x0,
    0x6, 0xff, 0xd0, 0x0, 0x0, 0x0, 0x0, 0x6,
    0xff, 0xd0, 0x0, 0x0, 0x0, 0x0, 0x4b, 0xff,
    0xfe, 0xee, 0xc0, 0x0, 0x1b, 0xff, 0xff, 0xff,
    0xff, 0xe0, 0x0, 0xcf, 0xff, 0xff, 0xff, 0xff,
    0xe0, 0x5, 0xff, 0xfb, 0x20, 0x0, 0x0, 0x0,
    0xb, 0xff, 0xc0, 0x0, 0x0, 0x0, 0x0, 0xe,
    0xff, 0x60, 0x0, 0x0, 0x0, 0x0, 0xf, 0xff,
    0x40, 0x0, 0x0, 0x0, 0x0, 0xf, 0xff, 0x40,
    0x0, 0x0, 0x0, 0x0, 0xf, 0xff, 0x40, 0x0,
    0x0, 0x0, 0x0, 0xe, 0xff, 0x60, 0x0, 0x0,
    0x0, 0x0, 0xb, 0xff, 0xb0, 0x0, 0x0, 0x0,
    0x0, 0x6, 0xff, 0xf8, 0x10, 0x0, 0x0, 0x0,
    0x0, 0xdf, 0xff, 0xff, 0xfc, 0x70, 0x0, 0x0,
    0x2e, 0xff, 0xff, 0xff, 0xfd, 0x10, 0x0, 0x1,
    0x8d, 0xff, 0xff, 0xff, 0xb0, 0x0, 0x0, 0x0,
    0x0, 0x1a, 0xff, 0xf1, 0x0, 0x0, 0x0, 0x0,
    0x0, 0xff, 0xf5, 0x0, 0x0, 0x0, 0x0, 0x0,
    0xdf, 0xf7, 0x0, 0x0, 0x0, 0x0, 0x0, 0xdf,
    0xf7, 0x0, 0x0, 0x0, 0x0, 0x0, 0xdf, 0xf7,
    0x0, 0x0, 0x0, 0x0, 0x0, 0xdf, 0xf6, 0x0,
    0x0, 0x0, 0x0, 0x2, 0xff, 0xf4, 0x0, 0x0,
    0x0, 0x0, 0x3d, 0xff, 0xf0, 0x5, 0xee, 0xee,
    0xef, 0xff, 0xff, 0x70, 0x5, 0xff, 0xff, 0xff,
    0xff, 0xf9, 0x0, 0x5, 0xff, 0xff, 0xff, 0xfa,
    0x30, 0x0, 0x0, 0x0, 0x6, 0xff, 0xd0, 0x0,
    0x0, 0x0, 0x0, 0x6, 0xff, 0xd0, 0x0, 0x0,
    0x0, 0x0, 0x6, 0xff, 0xd0, 0x0, 0x0, 0x0,
    0x0, 0x6, 0xff, 0xd0, 0x0, 0x0,

    /* U+0025 "%" */
    0x0, 0x5, 0xcf, 0xfd, 0x80, 0x0, 0x0, 0x0,
    0x0, 0x0, 0x0, 0x7, 0xff, 0xff, 0xff, 0xd0,
    0x0, 0x0, 0x0, 0x0, 0x0, 0x1, 0xff, 0xe6,
    0x5b, 0xff, 0x70, 0x0, 0x0, 0x0, 0x0, 0x0,
    0x6f, 0xf4, 0x0, 0xe, 0xfc, 0x0, 0x0, 0x0,
    0x0, 0x0, 0x8, 0xff, 0x10, 0x0, 0xbf, 0xf0,
    0x0, 0x0, 0x0, 0x0, 0x0, 0x9f, 0xf1, 0x0,
    0xa, 0xff, 0x0, 0x0, 0x0, 0x0, 0x0, 0x9,
    0xff, 0x10, 0x0, 0xaf, 0xf0, 0x0, 0x0, 0x0,
    0x0, 0x0, 0x8f, 0xf1, 0x0, 0xb, 0xff, 0x0,
    0x0, 0x0, 0x0, 0x0, 0x6, 0xff, 0x40, 0x0,
    0xef, 0xc0, 0x0, 0x0, 0x0, 0x0, 0x0, 0x1f,
    0xfe, 0x64, 0xaf, 0xf7, 0x0, 0x0, 0x0, 0x0,
    0x0, 0x0, 0x7f, 0xff, 0xff, 0xfd, 0x0, 0x0,
    0x0, 0x0, 0x0, 0x0, 0x0, 0x5c, 0xff, 0xd8,
    0x10, 0x0, 0x0, 0x0, 0x14, 0x60, 0x0, 0x0,
    0x0, 0x0, 0x1, 0x35, 0x79, 0xbd, 0xff, 0xff,
    0x0, 0x2, 0x46, 0x8b, 0xdf, 0xff, 0xff, 0xff,
    0xff, 0xfe, 0xc0, 0x8f, 0xff, 0xff, 0xff, 0xff,
    0xfd, 0xb9, 0x75, 0x20, 0x0, 0x8, 0xff, 0xec,
    0x97, 0x53, 0x10, 0x1, 0x34, 0x20, 0x0, 0x0,
    0x22, 0x0, 0x0, 0x0, 0x0, 0x1b, 0xff, 0xff,
    0xd4, 0x0, 0x0, 0x0, 0x0, 0x0, 0x0, 0xc,
    0xff, 0xff, 0xff, 0xf2, 0x0, 0x0, 0x0, 0x0,
    0x0, 0x4, 0xff, 0xb1, 0x6, 0xff, 0xa0, 0x0,
    0x0, 0x0, 0x0, 0x0, 0x8f, 0xf2, 0x0, 0xd,
    0xfd, 0x0, 0x0, 0x0, 0x0, 0x0, 0x9, 0xff,
    0x0, 0x0, 0xbf, 0xf0, 0x0, 0x0, 0x0, 0x0,
    0x0, 0x9f, 0xf0, 0x0, 0xb, 0xff, 0x0, 0x0,
    0x0, 0x0, 0x0, 0x9, 0xff, 0x0, 0x0, 0xbf,
    0xf0, 0x0, 0x0, 0x0, 0x0, 0x0, 0x7f, 0xf3,
    0x0, 0xe, 0xfd, 0x0, 0x0, 0x0, 0x0, 0x0,
    0x3, 0xff, 0xd6, 0x5a, 0xff, 0x80, 0x0, 0x0,
    0x0, 0x0, 0x0, 0x9, 0xff, 0xff, 0xff, 0xd1,
    0x0, 0x0, 0x0, 0x0, 0x0, 0x0, 0x6, 0xcf,
    0xfe, 0x91, 0x0, 0x0,

    /* U+0026 "&" */
    0x0, 0x5, 0xae, 0xff, 0xff, 0xf1, 0x0, 0x0,
    0x0, 0xbf, 0xff, 0xff, 0xff, 0xf1, 0x0, 0x0,
    0x9, 0xff, 0xff, 0xdd, 0xdd, 0xd1, 0x0, 0x0,
    0x1f, 0xff, 0x90, 0x0, 0x0, 0x0, 0x0, 0x0,
    0x5f, 0xff, 0x0, 0x0, 0x0, 0x0, 0x0, 0x0,
    0x6f, 0xfd, 0x0, 0x0, 0x0, 0x0, 0x0, 0x0,
    0x7f, 0xfd, 0x0, 0x0, 0x0, 0x0, 0x0, 0x0,
    0x6f, 0xfe, 0x0, 0x0, 0x0, 0x0, 0x0, 0x0,
    0x4f, 0xff, 0x20, 0x0, 0x0, 0x0, 0x0, 0x0,
    0xe, 0xff, 0xc1, 0x0, 0x0, 0x0, 0x0, 0x0,
    0x4, 0xff, 0xff, 0xed, 0xdd, 0xdd, 0xdd, 0xdb,
    0x0, 0xbf, 0xff, 0xff, 0xff, 0xff, 0xff, 0xfd,
    0xa, 0xff, 0xff, 0xff, 0xff, 0xff, 0xff, 0xfd,
    0x4f, 0xff, 0x91, 0x0, 0x3, 0xff, 0xd0, 0x0,
    0xaf, 0xfc, 0x0, 0x0, 0x3, 0xff, 0xd0, 0x0,
    0xcf, 0xf8, 0x0, 0x0, 0x3, 0xff, 0xd0, 0x0,
    0xdf, 0xf7, 0x0, 0x0, 0x3, 0xff, 0xd0, 0x0,
    0xdf, 0xf7, 0x0, 0x0, 0x3, 0xff, 0xd0, 0x0,
    0xdf, 0xf7, 0x0, 0x0, 0x3, 0xff, 0xd0, 0x0,
    0xdf, 0xf7, 0x0, 0x0, 0x3, 0xff, 0xd0, 0x0,
    0xdf, 0xf7, 0x0, 0x0, 0x3, 0xff, 0xd0, 0x0,
    0xdf, 0xf7, 0x0, 0x0, 0x3, 0xff, 0xd0, 0x0,
    0xbf, 0xfa, 0x0, 0x0, 0x3, 0xff, 0xd0, 0x0,
    0x8f, 0xff, 0x50, 0x0, 0x3, 0xff, 0xd0, 0x0,
    0x1f, 0xff, 0xff, 0xdd, 0xde, 0xff, 0xd0, 0x0,
    0x5, 0xff, 0xff, 0xff, 0xff, 0xff, 0xd0, 0x0,
    0x0, 0x29, 0xdf, 0xff, 0xff, 0xff, 0xd0, 0x0,

    /* U+0027 "'" */
    0x9f, 0xff, 0x9, 0xff, 0xf0, 0x9f, 0xff, 0x8,
    0xff, 0xf0, 0x6f, 0xfe, 0x4, 0xff, 0xc0, 0x2f,
    0xfa, 0x0, 0xff, 0x80, 0xe, 0xf6, 0x0, 0x46,
    0x10,

    /* U+0028 "(" */
    0x0, 0x0, 0x38, 0x86, 0x0, 0x0, 0x2e, 0xff,
    0x40, 0x0, 0xd, 0xff, 0x70, 0x0, 0x7, 0xff,
    0xc0, 0x0, 0x1, 0xef, 0xf3, 0x0, 0x0, 0x7f,
    0xfb, 0x0, 0x0, 0xd, 0xff, 0x60, 0x0, 0x1,
    0xff, 0xf1, 0x0, 0x0, 0x4f, 0xfe, 0x0, 0x0,
    0x6, 0xff, 0xc0, 0x0, 0x0, 0x7f, 0xfb, 0x0,
    0x0, 0x8, 0xff, 0xb0, 0x0, 0x0, 0x8f, 0xfb,
    0x0, 0x0, 0x8, 0xff, 0xb0, 0x0, 0x0, 0x8f,
    0xfb, 0x0, 0x0, 0x8, 0xff, 0xb0, 0x0, 0x0,
    0x8f, 0xfb, 0x0, 0x0, 0x8, 0xff, 0xb0, 0x0,
    0x0, 0x8f, 0xfb, 0x0, 0x0, 0x8, 0xff, 0xb0,
    0x0, 0x0, 0x8f, 0xfb, 0x0, 0x0, 0x8, 0xff,
    0xb0, 0x0, 0x0, 0x8f, 0xfb, 0x0, 0x0, 0x8,
    0xff, 0xb0, 0x0, 0x0, 0x8f, 0xfb, 0x0, 0x0,
    0x8, 0xff, 0xb0, 0x0, 0x0, 0x7f, 0xfc, 0x0,
    0x0, 0x5, 0xff, 0xd0, 0x0, 0x0, 0x2f, 0xff,
    0x0, 0x0, 0x0, 0xff, 0xf3, 0x0, 0x0, 0xa,
    0xff, 0x80, 0x0, 0x0, 0x4f, 0xfe, 0x0, 0x0,
    0x0, 0xbf, 0xf7, 0x0, 0x0, 0x3, 0xff, 0xf2,
    0x0, 0x0, 0x7, 0xff, 0xd0, 0x0, 0x0, 0xa,
    0xff, 0xa0,

    /* U+0029 ")" */
    0x28, 0x87, 0x0, 0x0, 0x0, 0xbf, 0xf9, 0x0,
    0x0, 0x1, 0xef, 0xf6, 0x0, 0x0, 0x4, 0xff,
    0xe0, 0x0, 0x0, 0xb, 0xff, 0x80, 0x0, 0x0,
    0x3f, 0xff, 0x0, 0x0, 0x0, 0xef, 0xf5, 0x0,
    0x0, 0x9, 0xff, 0x90, 0x0, 0x0, 0x6f, 0xfc,
    0x0, 0x0, 0x4, 0xff, 0xe0, 0x0, 0x0, 0x3f,
    0xff, 0x0, 0x0, 0x3, 0xff, 0xf0, 0x0, 0x0,
    0x2f, 0xff, 0x0, 0x0, 0x2, 0xff, 0xf1, 0x0,
    0x0, 0x2f, 0xff, 0x10, 0x0, 0x2, 0xff, 0xf1,
    0x0, 0x0, 0x2f, 0xff, 0x10, 0x0, 0x2, 0xff,
    0xf1, 0x0, 0x0, 0x2f, 0xff, 0x10, 0x0, 0x2,
    0xff, 0xf1, 0x0, 0x0, 0x2f, 0xff, 0x10, 0x0,
    0x2, 0xff, 0xf1, 0x0, 0x0, 0x2f, 0xff, 0x10,
    0x0, 0x2, 0xff, 0xf1, 0x0, 0x0, 0x2f, 0xff,
    0x0, 0x0, 0x3, 0xff, 0xf0, 0x0, 0x0, 0x4f,
    0xff, 0x0, 0x0, 0x5, 0xff, 0xd0, 0x0, 0x0,
    0x7f, 0xfb, 0x0, 0x0, 0xb, 0xff, 0x70, 0x0,
    0x0, 0xff, 0xf2, 0x0, 0x0, 0x7f, 0xfc, 0x0,
    0x0, 0x1e, 0xff, 0x40, 0x0, 0xa, 0xff, 0xb0,
    0x0, 0x5, 0xff, 0xe1, 0x0, 0x3, 0xff, 0xf3,
    0x0, 0x0,

    /* U+002A "*" */
    0x0, 0x0, 0x0, 0x6f, 0xfe, 0x0, 0x0, 0x0,
    0x0, 0x0, 0x0, 0x5f, 0xfd, 0x0, 0x0, 0x0,
    0x0, 0x0, 0x0, 0x3f, 0xfc, 0x0, 0x0, 0x0,
    0x2, 0x10, 0x0, 0x2f, 0xfa, 0x0, 0x0, 0x20,
    0x9, 0xfa, 0x30, 0x1f, 0xf9, 0x0, 0x6c, 0xf2,
    0xe, 0xff, 0xfd, 0x7f, 0xfa, 0x9f, 0xff, 0xf7,
    0x2d, 0xff, 0xff, 0xff, 0xff, 0xff, 0xff, 0xf9,
    0x0, 0x14, 0x8b, 0xff, 0xff, 0xd9, 0x63, 0x0,
    0x0, 0x0, 0x6, 0xff, 0xff, 0xc0, 0x0, 0x0,
    0x0, 0x0, 0x4f, 0xfe, 0x9f, 0xfa, 0x0, 0x0,
    0x0, 0x2, 0xff, 0xf5, 0xe, 0xff, 0x80, 0x0,
    0x0, 0x1e, 0xff, 0xb0, 0x4, 0xff, 0xf6, 0x0,
    0x0, 0x9f, 0xff, 0x10, 0x0, 0xbf, 0xff, 0x10,
    0x0, 0x8, 0xf6, 0x0, 0x0, 0x1f, 0xc2, 0x0,
    0x0, 0x0, 0x40, 0x0, 0x0, 0x3, 0x0, 0x0,

    /* U+002B "+" */
    0x0, 0x0, 0x4, 0xff, 0xc0, 0x0, 0x0, 0x0,
    0x0, 0x0, 0x4f, 0xfc, 0x0, 0x0, 0x0, 0x0,
    0x0, 0x4, 0xff, 0xc0, 0x0, 0x0, 0x0, 0x0,
    0x0, 0x4f, 0xfc, 0x0, 0x0, 0x0, 0x0, 0x0,
    0x4, 0xff, 0xc0, 0x0, 0x0, 0x0, 0x0, 0x0,
    0x4f, 0xfc, 0x0, 0x0, 0x0, 0xff, 0xff, 0xff,
    0xff, 0xff, 0xff, 0xff, 0x7f, 0xff, 0xff, 0xff,
    0xff, 0xff, 0xff, 0xf7, 0xdd, 0xdd, 0xde, 0xff,
    0xfd, 0xdd, 0xdd, 0x60, 0x0, 0x0, 0x4f, 0xfc,
    0x0, 0x0, 0x0, 0x0, 0x0, 0x4, 0xff, 0xc0,
    0x0, 0x0, 0x0, 0x0, 0x0, 0x4f, 0xfc, 0x0,
    0x0, 0x0, 0x0, 0x0, 0x4, 0xff, 0xc0, 0x0,
    0x0, 0x0, 0x0, 0x0, 0x4f, 0xfc, 0x0, 0x0,
    0x0, 0x0, 0x0, 0x3, 0xdd, 0xa0, 0x0, 0x0,
    0x0,

    /* U+002C "," */
    0x0, 0x11, 0x11, 0x0, 0xef, 0xfe, 0x0, 0xef,
    0xfe, 0x0, 0xef, 0xfe, 0x0, 0xef, 0xfe, 0x1,
    0xff, 0xf8, 0x6, 0xff, 0xf2, 0xb, 0xff, 0xa0,
    0xf, 0xff, 0x30, 0x4f, 0xfc, 0x0,

    /* U+002D "-" */
    0xcd, 0xdd, 0xdd, 0xdd, 0xdd, 0xdd, 0x5f, 0xff,
    0xff, 0xff, 0xff, 0xff, 0xf6, 0xff, 0xff, 0xff,
    0xff, 0xff, 0xff, 0x60,

    /* U+002E "." */
    0x8c, 0xcc, 0x1a, 0xff, 0xf2, 0xaf, 0xff, 0x2a,
    0xff, 0xf2,

    /* U+002F "/" */
    0x0, 0x0, 0x0, 0x0, 0x0, 0x0, 0x0, 0xcf,
    0xf6, 0x0, 0x0, 0x0, 0x0, 0x0, 0x0, 0x2,
    0xff, 0xf1, 0x0, 0x0, 0x0, 0x0, 0x0, 0x0,
    0x8, 0xff, 0xa0, 0x0, 0x0, 0x0, 0x0, 0x0,
    0x0, 0xe, 0xff, 0x40, 0x0, 0x0, 0x0, 0x0,
    0x0, 0x0, 0x5f, 0xfe, 0x0, 0x0, 0x0, 0x0,
    0x0, 0x0, 0x0, 0xbf, 0xf7, 0x0, 0x0, 0x0,
    0x0, 0x0, 0x0, 0x1, 0xff, 0xf1, 0x0, 0x0,
    0x0, 0x0, 0x0, 0x0, 0x7, 0xff, 0xb0, 0x0,
    0x0, 0x0, 0x0, 0x0, 0x0, 0xd, 0xff, 0x50,
    0x0, 0x0, 0x0, 0x0, 0x0, 0x0, 0x3f, 0xfe,
    0x0, 0x0, 0x0, 0x0, 0x0, 0x0, 0x0, 0xaf,
    0xf9, 0x0, 0x0, 0x0, 0x0, 0x0, 0x0, 0x0,
    0xff, 0xf2, 0x0, 0x0, 0x0, 0x0, 0x0, 0x0,
    0x6, 0xff, 0xc0, 0x0, 0x0, 0x0, 0x0, 0x0,
    0x0, 0xc, 0xff, 0x60, 0x0, 0x0, 0x0, 0x0,
    0x0, 0x0, 0x2f, 0xff, 0x0, 0x0, 0x0, 0x0,
    0x0, 0x0, 0x0, 0x9f, 0xfa, 0x0, 0x0, 0x0,
    0x0, 0x0, 0x0, 0x0, 0xef, 0xf3, 0x0, 0x0,
    0x0, 0x0, 0x0, 0x0, 0x5, 0xff, 0xd0, 0x0,
    0x0, 0x0, 0x0, 0x0, 0x0, 0xb, 0xff, 0x70,
    0x0, 0x0, 0x0, 0x0, 0x0, 0x0, 0x1f, 0xff,
    0x10, 0x0, 0x0, 0x0, 0x0, 0x0, 0x0, 0x7f,
    0xfb, 0x0, 0x0, 0x0, 0x0, 0x0, 0x0, 0x0,
    0xdf, 0xf4, 0x0, 0x0, 0x0, 0x0, 0x0, 0x0,
    0x4, 0xff, 0xe0, 0x0, 0x0, 0x0, 0x0, 0x0,
    0x0, 0xa, 0xff, 0x80, 0x0, 0x0, 0x0, 0x0,
    0x0, 0x0, 0x1f, 0xff, 0x20, 0x0, 0x0, 0x0,
    0x0, 0x0, 0x0, 0x6f, 0xfc, 0x0, 0x0, 0x0,
    0x0, 0x0, 0x0, 0x0, 0xdf, 0xf6, 0x0, 0x0,
    0x0, 0x0, 0x0, 0x0, 0x3, 0xff, 0xf0, 0x0,
    0x0, 0x0, 0x0, 0x0, 0x0, 0x9, 0xff, 0x90,
    0x0, 0x0, 0x0, 0x0, 0x0, 0x0, 0xe, 0xff,
    0x30, 0x0, 0x0, 0x0, 0x0, 0x0, 0x0, 0x5f,
    0xfd, 0x0, 0x0, 0x0, 0x0, 0x0, 0x0, 0x0,
    0xbf, 0xf7, 0x0, 0x0, 0x0, 0x0, 0x0, 0x0,
    0x2, 0xff, 0xf1, 0x0, 0x0, 0x0, 0x0, 0x0,
    0x0, 0x8, 0xff, 0xa0, 0x0, 0x0, 0x0, 0x0,
    0x0, 0x0, 0xe, 0xff, 0x40, 0x0, 0x0, 0x0,
    0x0, 0x0, 0x0,

    /* U+0030 "0" */
    0x0, 0x3, 0xae, 0xff, 0xec, 0x70, 0x0, 0x0,
    0x8, 0xff, 0xff, 0xff, 0xff, 0xe3, 0x0, 0x7,
    0xff, 0xff, 0xed, 0xff, 0xff, 0xe1, 0x0, 0xef,
    0xfd, 0x20, 0x0, 0x7f, 0xff, 0x70, 0x4f, 0xff,
    0x10, 0x0, 0x0, 0x9f, 0xfc, 0x6, 0xff, 0xc0,
    0x0, 0x0, 0x4, 0xff, 0xf0, 0x7f, 0xfb, 0x0,
    0x0, 0x0, 0xbf, 0xff, 0x8, 0xff, 0xb0, 0x0,
    0x0, 0x5f, 0xff, 0xf0, 0x8f, 0xfb, 0x0, 0x0,
    0x1e, 0xff, 0xff, 0x8, 0xff, 0xb0, 0x0, 0xb,
    0xff, 0xff, 0xf0, 0x8f, 0xfb, 0x0, 0x6, 0xff,
    0xff, 0xff, 0x8, 0xff, 0xb0, 0x1, 0xff, 0xf7,
    0xff, 0xf0, 0x8f, 0xfb, 0x0, 0xbf, 0xf9, 0x3f,
    0xff, 0x8, 0xff, 0xb0, 0x6f, 0xfe, 0x3, 0xff,
    0xf0, 0x8f, 0xfb, 0x1f, 0xff, 0x40, 0x3f, 0xff,
    0x8, 0xff, 0xbb, 0xff, 0x90, 0x3, 0xff, 0xf0,
    0x8f, 0xff, 0xff, 0xd0, 0x0, 0x3f, 0xff, 0x8,
    0xff, 0xff, 0xf3, 0x0, 0x3, 0xff, 0xf0, 0x8f,
    0xff, 0xf8, 0x0, 0x0, 0x3f, 0xff, 0x8, 0xff,
    0xfd, 0x0, 0x0, 0x3, 0xff, 0xf0, 0x7f, 0xff,
    0x30, 0x0, 0x0, 0x3f, 0xff, 0x6, 0xff, 0xc0,
    0x0, 0x0, 0x4, 0xff, 0xf0, 0x4f, 0xff, 0x10,
    0x0, 0x0, 0x9f, 0xfc, 0x0, 0xef, 0xfd, 0x20,
    0x0, 0x7f, 0xff, 0x70, 0x6, 0xff, 0xff, 0xed,
    0xff, 0xff, 0xe0, 0x0, 0x8, 0xff, 0xff, 0xff,
    0xff, 0xe2, 0x0, 0x0, 0x3, 0xae, 0xff, 0xfc,
    0x70, 0x0, 0x0,

    /* U+0031 "1" */
    0x0, 0x1, 0x7d, 0xff, 0xf7, 0x0, 0x0, 0x4,
    0xbf, 0xff, 0xff, 0xf7, 0x0, 0x0, 0x2f, 0xff,
    0xff, 0xff, 0xf7, 0x0, 0x0, 0x2f, 0xff, 0xb5,
    0xcf, 0xf7, 0x0, 0x0, 0x2d, 0x71, 0x0, 0xcf,
    0xf7, 0x0, 0x0, 0x0, 0x0, 0x0, 0xcf, 0xf7,
    0x0, 0x0, 0x0, 0x0, 0x0, 0xcf, 0xf7, 0x0,
    0x0, 0x0, 0x0, 0x0, 0xcf, 0xf7, 0x0, 0x0,
    0x0, 0x0, 0x0, 0xcf, 0xf7, 0x0, 0x0, 0x0,
    0x0, 0x0, 0xcf, 0xf7, 0x0, 0x0, 0x0, 0x0,
    0x0, 0xcf, 0xf7, 0x0, 0x0, 0x0, 0x0, 0x0,
    0xcf, 0xf7, 0x0, 0x0, 0x0, 0x0, 0x0, 0xcf,
    0xf7, 0x0, 0x0, 0x0, 0x0, 0x0, 0xcf, 0xf7,
    0x0, 0x0, 0x0, 0x0, 0x0, 0xcf, 0xf7, 0x0,
    0x0, 0x0, 0x0, 0x0, 0xcf, 0xf7, 0x0, 0x0,
    0x0, 0x0, 0x0, 0xcf, 0xf7, 0x0, 0x0, 0x0,
    0x0, 0x0, 0xcf, 0xf7, 0x0, 0x0, 0x0, 0x0,
    0x0, 0xcf, 0xf7, 0x0, 0x0, 0x0, 0x0, 0x0,
    0xcf, 0xf7, 0x0, 0x0, 0x0, 0x0, 0x0, 0xcf,
    0xf7, 0x0, 0x0, 0x0, 0x0, 0x0, 0xcf, 0xf7,
    0x0, 0x0, 0x0, 0x0, 0x0, 0xcf, 0xf7, 0x0,
    0x0, 0x0, 0x0, 0x0, 0xcf, 0xf7, 0x0, 0x0,
    0xa, 0xdd, 0xdd, 0xff, 0xfe, 0xdd, 0xd8, 0xc,
    0xff, 0xff, 0xff, 0xff, 0xff, 0xf9, 0xc, 0xff,
    0xff, 0xff, 0xff, 0xff, 0xf9,

    /* U+0032 "2" */
    0x4, 0xff, 0xff, 0xfd, 0xa4, 0x0, 0x0, 0x4,
    0xff, 0xff, 0xff, 0xff, 0xb0, 0x0, 0x3, 0xee,
    0xee, 0xef, 0xff, 0xfa, 0x0, 0x0, 0x0, 0x0,
    0x1, 0xbf, 0xff, 0x30, 0x0, 0x0, 0x0, 0x0,
    0xd, 0xff, 0x80, 0x0, 0x0, 0x0, 0x0, 0x9,
    0xff, 0xa0, 0x0, 0x0, 0x0, 0x0, 0x8, 0xff,
    0xc0, 0x0, 0x0, 0x0, 0x0, 0x8, 0xff, 0xc0,
    0x0, 0x0, 0x0, 0x0, 0x8, 0xff, 0xc0, 0x0,
    0x0, 0x0, 0x0, 0x9, 0xff, 0xb0, 0x0, 0x0,
    0x0, 0x0, 0xa, 0xff, 0x90, 0x0, 0x0, 0x0,
    0x0, 0xe, 0xff, 0x70, 0x0, 0x0, 0x0, 0x0,
    0x6f, 0xff, 0x20, 0x0, 0x0, 0x0, 0x1, 0xff,
    0xfb, 0x0, 0x0, 0x0, 0x0, 0xb, 0xff, 0xf2,
    0x0, 0x0, 0x0, 0x0, 0x6f, 0xff, 0x70, 0x0,
    0x0, 0x0, 0x2, 0xff, 0xfc, 0x0, 0x0, 0x0,
    0x0, 0xc, 0xff, 0xf2, 0x0, 0x0, 0x0, 0x0,
    0x7f, 0xff, 0x60, 0x0, 0x0, 0x0, 0x3, 0xff,
    0xfb, 0x0, 0x0, 0x0, 0x0, 0xd, 0xff, 0xe1,
    0x0, 0x0, 0x0, 0x0, 0x8f, 0xff, 0x40, 0x0,
    0x0, 0x0, 0x3, 0xff, 0xf9, 0x0, 0x0, 0x0,
    0x0, 0xd, 0xff, 0xd0, 0x0, 0x0, 0x0, 0x0,
    0xf, 0xff, 0xfe, 0xee, 0xee, 0xee, 0xe7, 0xf,
    0xff, 0xff, 0xff, 0xff, 0xff, 0xf8, 0xf, 0xff,
    0xff, 0xff, 0xff, 0xff, 0xf8,

    /* U+0033 "3" */
    0x6f, 0xff, 0xff, 0xeb, 0x50, 0x0, 0x6f, 0xff,
    0xff, 0xff, 0xfc, 0x10, 0x5d, 0xdd, 0xdd, 0xff,
    0xff, 0xa0, 0x0, 0x0, 0x0, 0x9, 0xff, 0xf2,
    0x0, 0x0, 0x0, 0x0, 0xff, 0xf6, 0x0, 0x0,
    0x0, 0x0, 0xcf, 0xf7, 0x0, 0x0, 0x0, 0x0,
    0xcf, 0xf8, 0x0, 0x0, 0x0, 0x0, 0xcf, 0xf8,
    0x0, 0x0, 0x0, 0x0, 0xcf, 0xf8, 0x0, 0x0,
    0x0, 0x0, 0xdf, 0xf7, 0x0, 0x0, 0x0, 0x2,
    0xff, 0xf4, 0x0, 0x0, 0x0, 0x3d, 0xff, 0xd0,
    0x3, 0xff, 0xff, 0xff, 0xff, 0x30, 0x3, 0xff,
    0xff, 0xff, 0xfc, 0x10, 0x2, 0xdd, 0xdd, 0xff,
    0xff, 0xd0, 0x0, 0x0, 0x0, 0x5, 0xff, 0xf7,
    0x0, 0x0, 0x0, 0x0, 0x9f, 0xfc, 0x0, 0x0,
    0x0, 0x0, 0x6f, 0xfe, 0x0, 0x0, 0x0, 0x0,
    0x6f, 0xfe, 0x0, 0x0, 0x0, 0x0, 0x6f, 0xfe,
    0x0, 0x0, 0x0, 0x0, 0x6f, 0xfe, 0x0, 0x0,
    0x0, 0x0, 0x6f, 0xfe, 0x0, 0x0, 0x0, 0x0,
    0x9f, 0xfc, 0x0, 0x0, 0x0, 0x4, 0xff, 0xf9,
    0x5d, 0xdd, 0xdd, 0xef, 0xff, 0xf3, 0x6f, 0xff,
    0xff, 0xff, 0xff, 0x60, 0x6f, 0xff, 0xff, 0xfd,
    0x93, 0x0,

    /* U+0034 "4" */
    0x0, 0x0, 0xbf, 0xf5, 0x0, 0x0, 0x0, 0x0,
    0x0, 0xf, 0xff, 0x20, 0x0, 0x0, 0x0, 0x0,
    0x3, 0xff, 0xe0, 0x0, 0x0, 0x0, 0x0, 0x0,
    0x6f, 0xfb, 0x0, 0x0, 0x0, 0x0, 0x0, 0xa,
    0xff, 0x70, 0x0, 0x0, 0x0, 0x0, 0x0, 0xef,
    0xf4, 0x0, 0x0, 0x0, 0x0, 0x0, 0x1f, 0xff,
    0x10, 0x0, 0x0, 0x0, 0x0, 0x5, 0xff, 0xd0,
    0x0, 0x0, 0x0, 0x0, 0x0, 0x9f, 0xfa, 0x0,
    0x0, 0x0, 0x0, 0x0, 0xc, 0xff, 0x60, 0x4,
    0x55, 0x20, 0x0, 0x0, 0xff, 0xf3, 0x0, 0xdf,
    0xf5, 0x0, 0x0, 0x4f, 0xff, 0x0, 0xd, 0xff,
    0x50, 0x0, 0x7, 0xff, 0xc0, 0x0, 0xdf, 0xf5,
    0x0, 0x0, 0xbf, 0xf9, 0x0, 0xd, 0xff, 0x50,
    0x0, 0xf, 0xff, 0x50, 0x0, 0xdf, 0xf5, 0x0,
    0x2, 0xff, 0xf2, 0x0, 0xd, 0xff, 0x50, 0x0,
    0x6f, 0xfe, 0x0, 0x0, 0xdf, 0xf5, 0x0, 0xa,
    0xff, 0xb0, 0x0, 0xd, 0xff, 0x50, 0x0, 0xbf,
    0xfe, 0xcc, 0xcc, 0xff, 0xfd, 0xcc, 0x2b, 0xff,
    0xff, 0xff, 0xff, 0xff, 0xff, 0xf3, 0xbf, 0xff,
    0xff, 0xff, 0xff, 0xff, 0xff, 0x30, 0x0, 0x0,
    0x0, 0xd, 0xff, 0x50, 0x0, 0x0, 0x0, 0x0,
    0x0, 0xdf, 0xf5, 0x0, 0x0, 0x0, 0x0, 0x0,
    0xd, 0xff, 0x50, 0x0, 0x0, 0x0, 0x0, 0x0,
    0xdf, 0xf5, 0x0, 0x0, 0x0, 0x0, 0x0, 0xd,
    0xff, 0x50, 0x0, 0x0, 0x0, 0x0, 0x0, 0xdf,
    0xf5, 0x0, 0x0,

    /* U+0035 "5" */
    0x1f, 0xff, 0xff, 0xff, 0xff, 0xf6, 0x1f, 0xff,
    0xff, 0xff, 0xff, 0xf6, 0x1f, 0xff, 0xdd, 0xdd,
    0xdd, 0xd5, 0x1f, 0xff, 0x20, 0x0, 0x0, 0x0,
    0x1f, 0xff, 0x20, 0x0, 0x0, 0x0, 0x1f, 0xff,
    0x20, 0x0, 0x0, 0x0, 0x1f, 0xff, 0x20, 0x0,
    0x0, 0x0, 0x1f, 0xff, 0x20, 0x0, 0x0, 0x0,
    0x1f, 0xff, 0x20, 0x0, 0x0, 0x0, 0x1f, 0xff,
    0x20, 0x0, 0x0, 0x0, 0x1f, 0xff, 0x20, 0x0,
    0x0, 0x0, 0x1f, 0xff, 0xff, 0xfc, 0x81, 0x0,
    0x1f, 0xff, 0xff, 0xff, 0xff, 0x50, 0x1d, 0xdd,
    0xdd, 0xff, 0xff, 0xf2, 0x0, 0x0, 0x0, 0x5,
    0xff, 0xf9, 0x0, 0x0, 0x0, 0x0, 0x9f, 0xfd,
    0x0, 0x0, 0x0, 0x0, 0x5f, 0xfe, 0x0, 0x0,
    0x0, 0x0, 0x5f, 0xff, 0x0, 0x0, 0x0, 0x0,
    0x5f, 0xff, 0x0, 0x0, 0x0, 0x0, 0x5f, 0xff,
    0x0, 0x0, 0x0, 0x0, 0x5f, 0xff, 0x0, 0x0,
    0x0, 0x0, 0x5f, 0xfe, 0x0, 0x0, 0x0, 0x0,
    0x8f, 0xfd, 0x0, 0x0, 0x0, 0x3, 0xff, 0xf9,
    0x6d, 0xdd, 0xdd, 0xef, 0xff, 0xf3, 0x7f, 0xff,
    0xff, 0xff, 0xff, 0x70, 0x7f, 0xff, 0xff, 0xfd,
    0x93, 0x0,

    /* U+0036 "6" */
    0x0, 0x2, 0x8c, 0xef, 0xff, 0xff, 0x30, 0x0,
    0x6, 0xff, 0xff, 0xff, 0xff, 0xf3, 0x0, 0x4,
    0xff, 0xff, 0xfe, 0xee, 0xee, 0x20, 0x0, 0xcf,
    0xfe, 0x40, 0x0, 0x0, 0x0, 0x0, 0x1f, 0xff,
    0x40, 0x0, 0x0, 0x0, 0x0, 0x3, 0xff, 0xf0,
    0x0, 0x0, 0x0, 0x0, 0x0, 0x4f, 0xfe, 0x0,
    0x0, 0x0, 0x0, 0x0, 0x5, 0xff, 0xe0, 0x0,
    0x0, 0x0, 0x0, 0x0, 0x5f, 0xfe, 0x0, 0x0,
    0x0, 0x0, 0x0, 0x5, 0xff, 0xe0, 0x0, 0x0,
    0x0, 0x0, 0x0, 0x5f, 0xff, 0xdd, 0xdd, 0xca,
    0x71, 0x0, 0x5, 0xff, 0xff, 0xff, 0xff, 0xff,
    0xf5, 0x0, 0x5f, 0xff, 0xff, 0xff, 0xff, 0xff,
    0xf2, 0x5, 0xff, 0xe0, 0x0, 0x1, 0x5e, 0xff,
    0x90, 0x5f, 0xfe, 0x0, 0x0, 0x0, 0x6f, 0xfd,
    0x5, 0xff, 0xe0, 0x0, 0x0, 0x3, 0xff, 0xf0,
    0x5f, 0xfe, 0x0, 0x0, 0x0, 0x3f, 0xff, 0x5,
    0xff, 0xe0, 0x0, 0x0, 0x3, 0xff, 0xf0, 0x5f,
    0xfe, 0x0, 0x0, 0x0, 0x3f, 0xff, 0x5, 0xff,
    0xe0, 0x0, 0x0, 0x3, 0xff, 0xf0, 0x4f, 0xfe,
    0x0, 0x0, 0x0, 0x3f, 0xff, 0x3, 0xff, 0xf0,
    0x0, 0x0, 0x4, 0xff, 0xf0, 0x1f, 0xff, 0x30,
    0x0, 0x0, 0x8f, 0xfc, 0x0, 0xcf, 0xfd, 0x30,
    0x0, 0x5f, 0xff, 0x70, 0x3, 0xff, 0xff, 0xed,
    0xff, 0xff, 0xe0, 0x0, 0x6, 0xff, 0xff, 0xff,
    0xff, 0xe2, 0x0, 0x0, 0x2, 0x9e, 0xff, 0xfd,
    0x81, 0x0, 0x0,

    /* U+0037 "7" */
    0xf, 0xff, 0xff, 0xff, 0xff, 0xff, 0xf4, 0xf,
    0xff, 0xff, 0xff, 0xff, 0xff, 0xf4, 0xd, 0xdd,
    0xdd, 0xdd, 0xdd, 0xff, 0xf4, 0x0, 0x0, 0x0,
    0x0, 0x1, 0xff, 0xf4, 0x0, 0x0, 0x0, 0x0,
    0x5, 0xff, 0xf1, 0x0, 0x0, 0x0, 0x0, 0x9,
    0xff, 0xc0, 0x0, 0x0, 0x0, 0x0, 0xe, 0xff,
    0x70, 0x0, 0x0, 0x0, 0x0, 0x3f, 0xff, 0x30,
    0x0, 0x0, 0x0, 0x0, 0x7f, 0xfe, 0x0, 0x0,
    0x0, 0x0, 0x0, 0xcf, 0xfa, 0x0, 0x0, 0x0,
    0x0, 0x1, 0xff, 0xf5, 0x0, 0x0, 0x0, 0x0,
    0x5, 0xff, 0xf1, 0x0, 0x0, 0x0, 0x0, 0x9,
    0xff, 0xc0, 0x0, 0x0, 0x0, 0x0, 0xe, 0xff,
    0x70, 0x0, 0x0, 0x0, 0x0, 0x3f, 0xff, 0x30,
    0x0, 0x0, 0x0, 0x0, 0x7f, 0xfe, 0x0, 0x0,
    0x0, 0x0, 0x0, 0xcf, 0xf9, 0x0, 0x0, 0x0,
    0x0, 0x1, 0xff, 0xf5, 0x0, 0x0, 0x0, 0x0,
    0x5, 0xff, 0xf0, 0x0, 0x0, 0x0, 0x0, 0x9,
    0xff, 0xc0, 0x0, 0x0, 0x0, 0x0, 0xe, 0xff,
    0x70, 0x0, 0x0, 0x0, 0x0, 0x3f, 0xff, 0x20,
    0x0, 0x0, 0x0, 0x0, 0x7f, 0xfe, 0x0, 0x0,
    0x0, 0x0, 0x0, 0xcf, 0xf9, 0x0, 0x0, 0x0,
    0x0, 0x1, 0xff, 0xf5, 0x0, 0x0, 0x0, 0x0,
    0x5, 0xff, 0xf0, 0x0, 0x0, 0x0, 0x0, 0x9,
    0xff, 0xc0, 0x0, 0x0, 0x0,

    /* U+0038 "8" */
    0x0, 0x4, 0xae, 0xff, 0xfc, 0x81, 0x0, 0x0,
    0x9, 0xff, 0xff, 0xff, 0xff, 0xe3, 0x0, 0x6,
    0xff, 0xff, 0xee, 0xff, 0xff, 0xe0, 0x0, 0xef,
    0xfb, 0x0, 0x0, 0x5f, 0xff, 0x60, 0x2f, 0xff,
    0x30, 0x0, 0x0, 0xbf, 0xfa, 0x3, 0xff, 0xf0,
    0x0, 0x0, 0x8, 0xff, 0xb0, 0x4f, 0xff, 0x0,
    0x0, 0x0, 0x8f, 0xfc, 0x4, 0xff, 0xf0, 0x0,
    0x0, 0x8, 0xff, 0xc0, 0x4f, 0xff, 0x0, 0x0,
    0x0, 0x8f, 0xfc, 0x3, 0xff, 0xf1, 0x0, 0x0,
    0x9, 0xff, 0xb0, 0xf, 0xff, 0x60, 0x0, 0x0,
    0xdf, 0xf8, 0x0, 0xaf, 0xfe, 0x50, 0x2, 0xaf,
    0xff, 0x30, 0x1, 0xef, 0xff, 0xff, 0xff, 0xff,
    0x80, 0x0, 0xa, 0xff, 0xff, 0xff, 0xff, 0xf3,
    0x0, 0xa, 0xff, 0xff, 0xdd, 0xef, 0xff, 0xf3,
    0x4, 0xff, 0xf8, 0x0, 0x0, 0x2d, 0xff, 0xc0,
    0x9f, 0xfc, 0x0, 0x0, 0x0, 0x4f, 0xff, 0x1b,
    0xff, 0x90, 0x0, 0x0, 0x1, 0xff, 0xf3, 0xbf,
    0xf9, 0x0, 0x0, 0x0, 0xf, 0xff, 0x4b, 0xff,
    0x90, 0x0, 0x0, 0x0, 0xff, 0xf4, 0xbf, 0xf9,
    0x0, 0x0, 0x0, 0xf, 0xff, 0x4b, 0xff, 0x90,
    0x0, 0x0, 0x1, 0xff, 0xf3, 0x9f, 0xfb, 0x0,
    0x0, 0x0, 0x3f, 0xff, 0x26, 0xff, 0xf5, 0x0,
    0x0, 0x1c, 0xff, 0xe0, 0x1f, 0xff, 0xfe, 0xdd,
    0xef, 0xff, 0xf8, 0x0, 0x4f, 0xff, 0xff, 0xff,
    0xff, 0xfb, 0x0, 0x0, 0x28, 0xce, 0xff, 0xfe,
    0xb5, 0x0, 0x0,

    /* U+0039 "9" */
    0x0, 0x2, 0x9e, 0xff, 0xfc, 0x70, 0x0, 0x0,
    0x6f, 0xff, 0xff, 0xff, 0xfd, 0x20, 0x4, 0xff,
    0xff, 0xed, 0xff, 0xff, 0xd0, 0xc, 0xff, 0xd2,
    0x0, 0x6, 0xff, 0xf6, 0x1f, 0xff, 0x30, 0x0,
    0x0, 0x9f, 0xfb, 0x4f, 0xfe, 0x0, 0x0, 0x0,
    0x4f, 0xfe, 0x5f, 0xfe, 0x0, 0x0, 0x0, 0x4f,
    0xff, 0x5f, 0xfe, 0x0, 0x0, 0x0, 0x4f, 0xff,
    0x5f, 0xfe, 0x0, 0x0, 0x0, 0x4f, 0xff, 0x5f,
    0xfe, 0x0, 0x0, 0x0, 0x4f, 0xff, 0x5f, 0xfe,
    0x0, 0x0, 0x0, 0x4f, 0xff, 0x5f, 0xfe, 0x0,
    0x0, 0x0, 0x4f, 0xff, 0x3f, 0xff, 0x10, 0x0,
    0x0, 0x4f, 0xff, 0xf, 0xff, 0xa1, 0x0, 0x0,
    0x4f, 0xff, 0x8, 0xff, 0xff, 0xed, 0xdd, 0xef,
    0xff, 0x0, 0xbf, 0xff, 0xff, 0xff, 0xff, 0xff,
    0x0, 0x5, 0xbe, 0xff, 0xff, 0xff, 0xff, 0x0,
    0x0, 0x0, 0x0, 0x0, 0x4f, 0xff, 0x0, 0x0,
    0x0, 0x0, 0x0, 0x4f, 0xff, 0x0, 0x0, 0x0,
    0x0, 0x0, 0x4f, 0xff, 0x0, 0x0, 0x0, 0x0,
    0x0, 0x4f, 0xff, 0x0, 0x0, 0x0, 0x0, 0x0,
    0x4f, 0xfe, 0x0, 0x0, 0x0, 0x0, 0x0, 0x9f,
    0xfb, 0x0, 0x0, 0x0, 0x0, 0x8, 0xff, 0xf7,
    0x0, 0x2e, 0xee, 0xee, 0xff, 0xff, 0xd0, 0x0,
    0x2f, 0xff, 0xff, 0xff, 0xfd, 0x20, 0x0, 0x2f,
    0xff, 0xff, 0xeb, 0x60, 0x0,

    /* U+003A ":" */
    0xaf, 0xff, 0x2a, 0xff, 0xf2, 0xaf, 0xff, 0x28,
    0xcc, 0xc1, 0x0, 0x0, 0x0, 0x0, 0x0, 0x0,
    0x0, 0x0, 0x0, 0x0, 0x0, 0x0, 0x0, 0x0,
    0x0, 0x0, 0x0, 0x0, 0x0, 0x0, 0x0, 0x0,
    0x0, 0x0, 0x0, 0x0, 0x0, 0x8, 0xcc, 0xc1,
    0xaf, 0xff, 0x2a, 0xff, 0xf2, 0xaf, 0xff, 0x20,

    /* U+003B ";" */
    0x0, 0xef, 0xfe, 0x0, 0xef, 0xfe, 0x0, 0xef,
    0xfe, 0x0, 0xbc, 0xcb, 0x0, 0x0, 0x0, 0x0,
    0x0, 0x0, 0x0, 0x0, 0x0, 0x0, 0x0, 0x0,
    0x0, 0x0, 0x0, 0x0, 0x0, 0x0, 0x0, 0x0,
    0x0, 0x0, 0x0, 0x0, 0x0, 0x0, 0x0, 0x0,
    0x0, 0x0, 0x0, 0x0, 0x0, 0x0, 0xef, 0xfe,
    0x0, 0xef, 0xfe, 0x0, 0xef, 0xfe, 0x0, 0xef,
    0xfe, 0x1, 0xff, 0xf9, 0x5, 0xff, 0xf2, 0xa,
    0xff, 0xb0, 0xe, 0xff, 0x40, 0x3f, 0xfd, 0x0,
    0x1, 0x11, 0x0,

    /* U+003C "<" */
    0x0, 0x0, 0x0, 0x0, 0x0, 0x0, 0x0, 0x20,
    0x0, 0x0, 0x0, 0x0, 0x0, 0x18, 0xe7, 0x0,
    0x0, 0x0, 0x0, 0x1, 0x8f, 0xff, 0x70, 0x0,
    0x0, 0x0, 0x29, 0xff, 0xff, 0xf7, 0x0, 0x0,
    0x3, 0xaf, 0xff, 0xff, 0xe7, 0x10, 0x0, 0x4b,
    0xff, 0xff, 0xfc, 0x60, 0x0, 0x4, 0xcf, 0xff,
    0xff, 0xb4, 0x0, 0x0, 0xc, 0xff, 0xff, 0xf9,
    0x20, 0x0, 0x0, 0x0, 0xff, 0xfd, 0x70, 0x0,
    0x0, 0x0, 0x0, 0xf, 0xff, 0x60, 0x0, 0x0,
    0x0, 0x0, 0x0, 0xff, 0xff, 0xe8, 0x10, 0x0,
    0x0, 0x0, 0x8, 0xff, 0xff, 0xff, 0xa3, 0x0,
    0x0, 0x0, 0x1, 0x7e, 0xff, 0xff, 0xfc, 0x50,
    0x0, 0x0, 0x0, 0x6, 0xdf, 0xff, 0xff, 0xd6,
    0x0, 0x0, 0x0, 0x0, 0x5c, 0xff, 0xff, 0xff,
    0x50, 0x0, 0x0, 0x0, 0x4, 0xbf, 0xff, 0xf7,
    0x0, 0x0, 0x0, 0x0, 0x0, 0x2a, 0xff, 0x70,
    0x0, 0x0, 0x0, 0x0, 0x0, 0x1, 0x97, 0x0,
    0x0, 0x0, 0x0, 0x0, 0x0, 0x0, 0x0,

    /* U+003D "=" */
    0xcd, 0xdd, 0xdd, 0xdd, 0xdd, 0xdd, 0xdd, 0x6f,
    0xff, 0xff, 0xff, 0xff, 0xff, 0xff, 0xf7, 0xff,
    0xff, 0xff, 0xff, 0xff, 0xff, 0xff, 0x70, 0x0,
    0x0, 0x0, 0x0, 0x0, 0x0, 0x0, 0x0, 0x0,
    0x0, 0x0, 0x0, 0x0, 0x0, 0x0, 0x0, 0x0,
    0x0, 0x0, 0x0, 0x0, 0x0, 0x0, 0x0, 0x0,
    0x0, 0x0, 0x0, 0x0, 0x0, 0x0, 0x0, 0x0,
    0x0, 0x0, 0x0, 0x0, 0xcd, 0xdd, 0xdd, 0xdd,
    0xdd, 0xdd, 0xdd, 0x6f, 0xff, 0xff, 0xff, 0xff,
    0xff, 0xff, 0xf7, 0xff, 0xff, 0xff, 0xff, 0xff,
    0xff, 0xff, 0x70,

    /* U+003E ">" */
    0x30, 0x0, 0x0, 0x0, 0x0, 0x0, 0x0, 0xf,
    0xb4, 0x0, 0x0, 0x0, 0x0, 0x0, 0x0, 0xff,
    0xfc, 0x50, 0x0, 0x0, 0x0, 0x0, 0xf, 0xff,
    0xff, 0xd6, 0x0, 0x0, 0x0, 0x0, 0x4b, 0xff,
    0xff, 0xfe, 0x70, 0x0, 0x0, 0x0, 0x2, 0x8f,
    0xff, 0xff, 0xe8, 0x10, 0x0, 0x0, 0x0, 0x6,
    0xdf, 0xff, 0xff, 0x81, 0x0, 0x0, 0x0, 0x0,
    0x4b, 0xff, 0xff, 0xf5, 0x0, 0x0, 0x0, 0x0,
    0x2, 0x9f, 0xff, 0x70, 0x0, 0x0, 0x0, 0x0,
    0x1, 0x9f, 0xf7, 0x0, 0x0, 0x0, 0x0, 0x3a,
    0xff, 0xff, 0x70, 0x0, 0x0, 0x5, 0xcf, 0xff,
    0xff, 0xc3, 0x0, 0x1, 0x7e, 0xff, 0xff, 0xfb,
    0x40, 0x0, 0x3a, 0xff, 0xff, 0xff, 0xa3, 0x0,
    0x0, 0xbf, 0xff, 0xff, 0xf9, 0x20, 0x0, 0x0,
    0xf, 0xff, 0xfe, 0x81, 0x0, 0x0, 0x0, 0x0,
    0xff, 0xd6, 0x0, 0x0, 0x0, 0x0, 0x0, 0xc,
    0x50, 0x0, 0x0, 0x0, 0x0, 0x0, 0x0, 0x0,
    0x0, 0x0, 0x0, 0x0, 0x0, 0x0, 0x0,

    /* U+003F "?" */
    0x3f, 0xff, 0xff, 0xeb, 0x60, 0x0, 0x3f, 0xff,
    0xff, 0xff, 0xfd, 0x10, 0x3e, 0xee, 0xee, 0xff,
    0xff, 0xc0, 0x0, 0x0, 0x0, 0x8, 0xff, 0xf3,
    0x0, 0x0, 0x0, 0x0, 0xdf, 0xf6, 0x0, 0x0,
    0x0, 0x0, 0xbf, 0xf8, 0x0, 0x0, 0x0, 0x0,
    0xbf, 0xf8, 0x0, 0x0, 0x0, 0x0, 0xbf, 0xf8,
    0x0, 0x0, 0x0, 0x0, 0xcf, 0xf7, 0x0, 0x0,
    0x0, 0x3, 0xff, 0xf5, 0x0, 0x0, 0x0, 0x1d,
    0xff, 0xe0, 0x0, 0x0, 0x0, 0xcf, 0xff, 0x50,
    0x0, 0x0, 0xa, 0xff, 0xf7, 0x0, 0x0, 0x0,
    0xaf, 0xff, 0x80, 0x0, 0x0, 0x5, 0xff, 0xf9,
    0x0, 0x0, 0x0, 0x6, 0xff, 0xd0, 0x0, 0x0,
    0x0, 0x6, 0xff, 0xd0, 0x0, 0x0, 0x0, 0x6,
    0xff, 0xd0, 0x0, 0x0, 0x0, 0x6, 0xff, 0xd0,
    0x0, 0x0, 0x0, 0x0, 0x0, 0x0, 0x0, 0x0,
    0x0, 0x0, 0x0, 0x0, 0x0, 0x0, 0x0, 0x0,
    0x0, 0x0, 0x0, 0x0, 0x0, 0x0, 0x0, 0x0,
    0x0, 0x0, 0x0, 0x8, 0xcc, 0xc1, 0x0, 0x0,
    0x0, 0xa, 0xff, 0xf2, 0x0, 0x0, 0x0, 0xa,
    0xff, 0xf2, 0x0, 0x0, 0x0, 0xa, 0xff, 0xf2,
    0x0, 0x0,

    /* U+0040 "@" */
    0x0, 0x4a, 0xdf, 0xff, 0xff, 0xff, 0xfe, 0xc8,
    0x10, 0x0, 0x8f, 0xff, 0xff, 0xff, 0xff, 0xff,
    0xff, 0xfe, 0x20, 0x3f, 0xff, 0x96, 0x66, 0x66,
    0x66, 0x67, 0xcf, 0xfc, 0x9, 0xff, 0x40, 0x0,
    0x0, 0x0, 0x0, 0x0, 0xbf, 0xf2, 0xcf, 0xe0,
    0x0, 0x0, 0x0, 0x0, 0x0, 0x5, 0xff, 0x5d,
    0xfc, 0x0, 0x0, 0x0, 0x0, 0x0, 0x0, 0x3f,
    0xf6, 0xef, 0xc0, 0x0, 0x0, 0x1, 0x22, 0x21,
    0x3, 0xff, 0x6e, 0xfc, 0x0, 0x5, 0xcf, 0xff,
    0xff, 0x70, 0x3f, 0xf6, 0xef, 0xc0, 0x5, 0xff,
    0xff, 0xff, 0xf7, 0x3, 0xff, 0x6e, 0xfc, 0x0,
    0xdf, 0xe4, 0x2, 0xff, 0x70, 0x3f, 0xf6, 0xef,
    0xc0, 0xf, 0xf8, 0x0, 0x2f, 0xf7, 0x3, 0xff,
    0x6e, 0xfc, 0x1, 0xff, 0x70, 0x2, 0xff, 0x70,
    0x3f, 0xf6, 0xef, 0xc0, 0x2f, 0xf7, 0x0, 0x2f,
    0xf7, 0x3, 0xff, 0x6e, 0xfc, 0x2, 0xff, 0x70,
    0x2, 0xff, 0x70, 0x3f, 0xf6, 0xef, 0xc0, 0x2f,
    0xf7, 0x0, 0x2f, 0xf7, 0x3, 0xff, 0x6e, 0xfc,
    0x2, 0xff, 0x70, 0x2, 0xff, 0x70, 0x3f, 0xf6,
    0xef, 0xc0, 0x2f, 0xf7, 0x0, 0x2f, 0xf7, 0x3,
    0xff, 0x6e, 0xfc, 0x1, 0xff, 0x70, 0x3, 0xff,
    0x70, 0x3f, 0xf6, 0xef, 0xc0, 0xf, 0xfc, 0x11,
    0xbf, 0xf7, 0x3, 0xff, 0x6e, 0xfc, 0x0, 0xbf,
    0xff, 0xff, 0xff, 0x70, 0x4f, 0xf6, 0xef, 0xc0,
    0x2, 0xcf, 0xff, 0xfd, 0xfb, 0x18, 0xff, 0x3e,
    0xfc, 0x0, 0x0, 0x13, 0x20, 0x2f, 0xff, 0xff,
    0xd0, 0xdf, 0xd0, 0x0, 0x0, 0x0, 0x0, 0x4c,
    0xfe, 0xa1, 0xb, 0xff, 0x20, 0x0, 0x0, 0x0,
    0x0, 0x0, 0x0, 0x0, 0x6f, 0xfe, 0x86, 0x66,
    0x66, 0x66, 0x20, 0x0, 0x0, 0x0, 0xcf, 0xff,
    0xff, 0xff, 0xff, 0xf5, 0x0, 0x0, 0x0, 0x0,
    0x7c, 0xff, 0xff, 0xff, 0xff, 0x50, 0x0, 0x0,
    0x0,

    /* U+0041 "A" */
    0x0, 0x0, 0x0, 0xf, 0xff, 0xf9, 0x0, 0x0,
    0x0, 0x0, 0x0, 0x0, 0x3f, 0xff, 0xfd, 0x0,
    0x0, 0x0, 0x0, 0x0, 0x0, 0x7f, 0xff, 0xff,
    0x10, 0x0, 0x0, 0x0, 0x0, 0x0, 0xbf, 0xf9,
    0xff, 0x50, 0x0, 0x0, 0x0, 0x0, 0x0, 0xff,
    0xd5, 0xff, 0x80, 0x0, 0x0, 0x0, 0x0, 0x2,
    0xff, 0xa1, 0xff, 0xc0, 0x0, 0x0, 0x0, 0x0,
    0x6, 0xff, 0x60, 0xef, 0xf0, 0x0, 0x0, 0x0,
    0x0, 0xa, 0xff, 0x30, 0xaf, 0xf4, 0x0, 0x0,
    0x0, 0x0, 0xe, 0xff, 0x0, 0x7f, 0xf7, 0x0,
    0x0, 0x0, 0x0, 0x2f, 0xfc, 0x0, 0x4f, 0xfb,
    0x0, 0x0, 0x0, 0x0, 0x5f, 0xf9, 0x0, 0xf,
    0xff, 0x0, 0x0, 0x0, 0x0, 0x9f, 0xf6, 0x0,
    0xd, 0xff, 0x30, 0x0, 0x0, 0x0, 0xdf, 0xf2,
    0x0, 0x9, 0xff, 0x60, 0x0, 0x0, 0x1, 0xff,
    0xf0, 0x0, 0x6, 0xff, 0xa0, 0x0, 0x0, 0x5,
    0xff, 0xb0, 0x0, 0x3, 0xff, 0xe0, 0x0, 0x0,
    0x9, 0xff, 0x80, 0x0, 0x0, 0xff, 0xf1, 0x0,
    0x0, 0xc, 0xff, 0x50, 0x0, 0x0, 0xcf, 0xf5,
    0x0, 0x0, 0xf, 0xff, 0xed, 0xdd, 0xdd, 0xff,
    0xf9, 0x0, 0x0, 0x4f, 0xff, 0xff, 0xff, 0xff,
    0xff, 0xfd, 0x0, 0x0, 0x8f, 0xff, 0xff, 0xff,
    0xff, 0xff, 0xff, 0x10, 0x0, 0xcf, 0xf7, 0x0,
    0x0, 0x0, 0xe, 0xff, 0x40, 0x0, 0xff, 0xf4,
    0x0, 0x0, 0x0, 0xb, 0xff, 0x80, 0x3, 0xff,
    0xf0, 0x0, 0x0, 0x0, 0x8, 0xff, 0xc0, 0x7,
    0xff, 0xd0, 0x0, 0x0, 0x0, 0x4, 0xff, 0xf0,
    0xb, 0xff, 0x90, 0x0, 0x0, 0x0, 0x1, 0xff,
    0xf3, 0xe, 0xff, 0x60, 0x0, 0x0, 0x0, 0x0,
    0xef, 0xf7, 0x2f, 0xff, 0x30, 0x0, 0x0, 0x0,
    0x0, 0xaf, 0xfb,

    /* U+0042 "B" */
    0xcf, 0xff, 0xff, 0xff, 0xec, 0x82, 0x0, 0xc,
    0xff, 0xff, 0xff, 0xff, 0xff, 0xf5, 0x0, 0xcf,
    0xfe, 0xdd, 0xdd, 0xff, 0xff, 0xf1, 0xc, 0xff,
    0x80, 0x0, 0x0, 0x4f, 0xff, 0x80, 0xcf, 0xf8,
    0x0, 0x0, 0x0, 0x9f, 0xfb, 0xc, 0xff, 0x80,
    0x0, 0x0, 0x6, 0xff, 0xd0, 0xcf, 0xf8, 0x0,
    0x0, 0x0, 0x6f, 0xfe, 0xc, 0xff, 0x80, 0x0,
    0x0, 0x6, 0xff, 0xe0, 0xcf, 0xf8, 0x0, 0x0,
    0x0, 0x6f, 0xfe, 0xc, 0xff, 0x80, 0x0, 0x0,
    0x7, 0xff, 0xd0, 0xcf, 0xf8, 0x0, 0x0, 0x0,
    0xcf, 0xfa, 0xc, 0xff, 0x80, 0x0, 0x2, 0x9f,
    0xff, 0x40, 0xcf, 0xff, 0xff, 0xff, 0xff, 0xff,
    0x90, 0xc, 0xff, 0xff, 0xff, 0xff, 0xff, 0xf4,
    0x0, 0xcf, 0xfe, 0xdd, 0xdd, 0xef, 0xff, 0xf4,
    0xc, 0xff, 0x80, 0x0, 0x0, 0x2d, 0xff, 0xd0,
    0xcf, 0xf8, 0x0, 0x0, 0x0, 0x3f, 0xff, 0x2c,
    0xff, 0x80, 0x0, 0x0, 0x0, 0xff, 0xf4, 0xcf,
    0xf8, 0x0, 0x0, 0x0, 0xf, 0xff, 0x4c, 0xff,
    0x80, 0x0, 0x0, 0x0, 0xff, 0xf4, 0xcf, 0xf8,
    0x0, 0x0, 0x0, 0xf, 0xff, 0x4c, 0xff, 0x80,
    0x0, 0x0, 0x0, 0xff, 0xf4, 0xcf, 0xf8, 0x0,
    0x0, 0x0, 0x2f, 0xff, 0x3c, 0xff, 0x80, 0x0,
    0x0, 0x1b, 0xff, 0xf0, 0xcf, 0xfe, 0xdd, 0xdd,
    0xef, 0xff, 0xf9, 0xc, 0xff, 0xff, 0xff, 0xff,
    0xff, 0xfd, 0x10, 0xcf, 0xff, 0xff, 0xff, 0xfe,
    0xb6, 0x0, 0x0,

    /* U+0043 "C" */
    0x0, 0x5, 0xae, 0xff, 0xff, 0xff, 0x60, 0x1c,
    0xff, 0xff, 0xff, 0xff, 0xf6, 0xc, 0xff, 0xff,
    0xee, 0xee, 0xee, 0x55, 0xff, 0xfa, 0x10, 0x0,
    0x0, 0x0, 0xaf, 0xfc, 0x0, 0x0, 0x0, 0x0,
    0xc, 0xff, 0x80, 0x0, 0x0, 0x0, 0x0, 0xdf,
    0xf7, 0x0, 0x0, 0x0, 0x0, 0xd, 0xff, 0x70,
    0x0, 0x0, 0x0, 0x0, 0xdf, 0xf7, 0x0, 0x0,
    0x0, 0x0, 0xd, 0xff, 0x70, 0x0, 0x0, 0x0,
    0x0, 0xdf, 0xf7, 0x0, 0x0, 0x0, 0x0, 0xd,
    0xff, 0x70, 0x0, 0x0, 0x0, 0x0, 0xdf, 0xf7,
    0x0, 0x0, 0x0, 0x0, 0xd, 0xff, 0x70, 0x0,
    0x0, 0x0, 0x0, 0xdf, 0xf7, 0x0, 0x0, 0x0,
    0x0, 0xd, 0xff, 0x70, 0x0, 0x0, 0x0, 0x0,
    0xdf, 0xf7, 0x0, 0x0, 0x0, 0x0, 0xd, 0xff,
    0x70, 0x0, 0x0, 0x0, 0x0, 0xdf, 0xf7, 0x0,
    0x0, 0x0, 0x0, 0xd, 0xff, 0x70, 0x0, 0x0,
    0x0, 0x0, 0xdf, 0xf7, 0x0, 0x0, 0x0, 0x0,
    0xc, 0xff, 0x80, 0x0, 0x0, 0x0, 0x0, 0x9f,
    0xfc, 0x0, 0x0, 0x0, 0x0, 0x5, 0xff, 0xfa,
    0x10, 0x0, 0x0, 0x0, 0xc, 0xff, 0xff, 0xee,
    0xee, 0xee, 0x50, 0x1c, 0xff, 0xff, 0xff, 0xff,
    0xf6, 0x0, 0x5, 0xbe, 0xff, 0xff, 0xff, 0x60,

    /* U+0044 "D" */
    0xef, 0xff, 0xff, 0xff, 0xfd, 0x94, 0x0, 0xe,
    0xff, 0xff, 0xff, 0xff, 0xff, 0xfa, 0x0, 0xef,
    0xfe, 0xdd, 0xdd, 0xef, 0xff, 0xf8, 0xe, 0xff,
    0x60, 0x0, 0x0, 0x1c, 0xff, 0xf0, 0xef, 0xf6,
    0x0, 0x0, 0x0, 0x2f, 0xff, 0x4e, 0xff, 0x60,
    0x0, 0x0, 0x0, 0xff, 0xf5, 0xef, 0xf6, 0x0,
    0x0, 0x0, 0xe, 0xff, 0x6e, 0xff, 0x60, 0x0,
    0x0, 0x0, 0xef, 0xf6, 0xef, 0xf6, 0x0, 0x0,
    0x0, 0xe, 0xff, 0x6e, 0xff, 0x60, 0x0, 0x0,
    0x0, 0xef, 0xf6, 0xef, 0xf6, 0x0, 0x0, 0x0,
    0xe, 0xff, 0x6e, 0xff, 0x60, 0x0, 0x0, 0x0,
    0xef, 0xf6, 0xef, 0xf6, 0x0, 0x0, 0x0, 0xe,
    0xff, 0x6e, 0xff, 0x60, 0x0, 0x0, 0x0, 0xef,
    0xf6, 0xef, 0xf6, 0x0, 0x0, 0x0, 0xe, 0xff,
    0x6e, 0xff, 0x60, 0x0, 0x0, 0x0, 0xef, 0xf6,
    0xef, 0xf6, 0x0, 0x0, 0x0, 0xe, 0xff, 0x6e,
    0xff, 0x60, 0x0, 0x0, 0x0, 0xef, 0xf6, 0xef,
    0xf6, 0x0, 0x0, 0x0, 0xe, 0xff, 0x6e, 0xff,
    0x60, 0x0, 0x0, 0x0, 0xef, 0xf6, 0xef, 0xf6,
    0x0, 0x0, 0x0, 0xe, 0xff, 0x6e, 0xff, 0x60,
    0x0, 0x0, 0x0, 0xff, 0xf5, 0xef, 0xf6, 0x0,
    0x0, 0x0, 0x1f, 0xff, 0x4e, 0xff, 0x60, 0x0,
    0x0, 0x1b, 0xff, 0xf1, 0xef, 0xfe, 0xdd, 0xdd,
    0xef, 0xff, 0xfa, 0xe, 0xff, 0xff, 0xff, 0xff,
    0xff, 0xfd, 0x10, 0xef, 0xff, 0xff, 0xff, 0xfe,
    0xb6, 0x0, 0x0,

    /* U+0045 "E" */
    0x1f, 0xff, 0xff, 0xff, 0xff, 0xff, 0xf9, 0x1f,
    0xff, 0xff, 0xff, 0xff, 0xff, 0xf9, 0x1f, 0xff,
    0xdc, 0xcc, 0xcc, 0xcc, 0xc7, 0x1f, 0xff, 0x30,
    0x0, 0x0, 0x0, 0x0, 0x1f, 0xff, 0x30, 0x0,
    0x0, 0x0, 0x0, 0x1f, 0xff, 0x30, 0x0, 0x0,
    0x0, 0x0, 0x1f, 0xff, 0x30, 0x0, 0x0, 0x0,
    0x0, 0x1f, 0xff, 0x30, 0x0, 0x0, 0x0, 0x0,
    0x1f, 0xff, 0x30, 0x0, 0x0, 0x0, 0x0, 0x1f,
    0xff, 0x30, 0x0, 0x0, 0x0, 0x0, 0x1f, 0xff,
    0x30, 0x0, 0x0, 0x0, 0x0, 0x1f, 0xff, 0x30,
    0x0, 0x0, 0x0, 0x0, 0x1f, 0xff, 0xff, 0xff,
    0xff, 0xff, 0xa0, 0x1f, 0xff, 0xff, 0xff, 0xff,
    0xff, 0xa0, 0x1f, 0xff, 0xdc, 0xcc, 0xcc, 0xcc,
    0x80, 0x1f, 0xff, 0x30, 0x0, 0x0, 0x0, 0x0,
    0x1f, 0xff, 0x30, 0x0, 0x0, 0x0, 0x0, 0x1f,
    0xff, 0x30, 0x0, 0x0, 0x0, 0x0, 0x1f, 0xff,
    0x30, 0x0, 0x0, 0x0, 0x0, 0x1f, 0xff, 0x30,
    0x0, 0x0, 0x0, 0x0, 0x1f, 0xff, 0x30, 0x0,
    0x0, 0x0, 0x0, 0x1f, 0xff, 0x30, 0x0, 0x0,
    0x0, 0x0, 0x1f, 0xff, 0x30, 0x0, 0x0, 0x0,
    0x0, 0x1f, 0xff, 0x30, 0x0, 0x0, 0x0, 0x0,
    0x1f, 0xff, 0xdc, 0xcc, 0xcc, 0xcc, 0xc7, 0x1f,
    0xff, 0xff, 0xff, 0xff, 0xff, 0xf9, 0x1f, 0xff,
    0xff, 0xff, 0xff, 0xff, 0xf9,

    /* U+0046 "F" */
    0xff, 0xff, 0xff, 0xff, 0xff, 0xff, 0xbf, 0xff,
    0xff, 0xff, 0xff, 0xff, 0xfb, 0xff, 0xfd, 0xcc,
    0xcc, 0xcc, 0xcc, 0x8f, 0xff, 0x50, 0x0, 0x0,
    0x0, 0x0, 0xff, 0xf5, 0x0, 0x0, 0x0, 0x0,
    0xf, 0xff, 0x50, 0x0, 0x0, 0x0, 0x0, 0xff,
    0xf5, 0x0, 0x0, 0x0, 0x0, 0xf, 0xff, 0x50,
    0x0, 0x0, 0x0, 0x0, 0xff, 0xf5, 0x0, 0x0,
    0x0, 0x0, 0xf, 0xff, 0x50, 0x0, 0x0, 0x0,
    0x0, 0xff, 0xf5, 0x0, 0x0, 0x0, 0x0, 0xf,
    0xff, 0x50, 0x0, 0x0, 0x0, 0x0, 0xff, 0xfd,
    0xcc, 0xcc, 0xcc, 0xc9, 0xf, 0xff, 0xff, 0xff,
    0xff, 0xff, 0xc0, 0xff, 0xff, 0xff, 0xff, 0xff,
    0xfc, 0xf, 0xff, 0x50, 0x0, 0x0, 0x0, 0x0,
    0xff, 0xf5, 0x0, 0x0, 0x0, 0x0, 0xf, 0xff,
    0x50, 0x0, 0x0, 0x0, 0x0, 0xff, 0xf5, 0x0,
    0x0, 0x0, 0x0, 0xf, 0xff, 0x50, 0x0, 0x0,
    0x0, 0x0, 0xff, 0xf5, 0x0, 0x0, 0x0, 0x0,
    0xf, 0xff, 0x50, 0x0, 0x0, 0x0, 0x0, 0xff,
    0xf5, 0x0, 0x0, 0x0, 0x0, 0xf, 0xff, 0x50,
    0x0, 0x0, 0x0, 0x0, 0xff, 0xf5, 0x0, 0x0,
    0x0, 0x0, 0xf, 0xff, 0x50, 0x0, 0x0, 0x0,
    0x0, 0xff, 0xf5, 0x0, 0x0, 0x0, 0x0, 0x0,

    /* U+0047 "G" */
    0x0, 0x2, 0x9d, 0xef, 0xff, 0xff, 0xc0, 0x0,
    0x7f, 0xff, 0xff, 0xff, 0xff, 0xc0, 0x5, 0xff,
    0xff, 0xfe, 0xee, 0xee, 0xa0, 0xd, 0xff, 0xe4,
    0x0, 0x0, 0x0, 0x0, 0x3f, 0xff, 0x30, 0x0,
    0x0, 0x0, 0x0, 0x5f, 0xfe, 0x0, 0x0, 0x0,
    0x0, 0x0, 0x6f, 0xfe, 0x0, 0x0, 0x0, 0x0,
    0x0, 0x6f, 0xfe, 0x0, 0x0, 0x0, 0x0, 0x0,
    0x6f, 0xfe, 0x0, 0x0, 0x0, 0x0, 0x0, 0x6f,
    0xfe, 0x0, 0x0, 0x0, 0x0, 0x0, 0x6f, 0xfe,
    0x0, 0x0, 0x0, 0x0, 0x0, 0x6f, 0xfe, 0x0,
    0x0, 0x0, 0x0, 0x0, 0x6f, 0xfe, 0x0, 0x0,
    0x0, 0x0, 0x0, 0x6f, 0xfe, 0x0, 0x8, 0xff,
    0xff, 0xfe, 0x6f, 0xfe, 0x0, 0x8, 0xff, 0xff,
    0xfe, 0x6f, 0xfe, 0x0, 0x7, 0xdd, 0xef, 0xfe,
    0x6f, 0xfe, 0x0, 0x0, 0x0, 0x4f, 0xfe, 0x6f,
    0xfe, 0x0, 0x0, 0x0, 0x4f, 0xfe, 0x6f, 0xfe,
    0x0, 0x0, 0x0, 0x4f, 0xfe, 0x6f, 0xfe, 0x0,
    0x0, 0x0, 0x4f, 0xfe, 0x6f, 0xfe, 0x0, 0x0,
    0x0, 0x4f, 0xfe, 0x5f, 0xfe, 0x0, 0x0, 0x0,
    0x4f, 0xfe, 0x2f, 0xff, 0x30, 0x0, 0x0, 0x4f,
    0xfe, 0xd, 0xff, 0xe4, 0x0, 0x0, 0x4f, 0xfe,
    0x5, 0xff, 0xff, 0xfe, 0xee, 0xef, 0xfe, 0x0,
    0x7f, 0xff, 0xff, 0xff, 0xff, 0xfe, 0x0, 0x2,
    0x9d, 0xff, 0xff, 0xff, 0xfe,

    /* U+0048 "H" */
    0xff, 0xf5, 0x0, 0x0, 0x0, 0xd, 0xff, 0x7f,
    0xff, 0x50, 0x0, 0x0, 0x0, 0xdf, 0xf7, 0xff,
    0xf5, 0x0, 0x0, 0x0, 0xd, 0xff, 0x7f, 0xff,
    0x50, 0x0, 0x0, 0x0, 0xdf, 0xf7, 0xff, 0xf5,
    0x0, 0x0, 0x0, 0xd, 0xff, 0x7f, 0xff, 0x50,
    0x0, 0x0, 0x0, 0xdf, 0xf7, 0xff, 0xf5, 0x0,
    0x0, 0x0, 0xd, 0xff, 0x7f, 0xff, 0x50, 0x0,
    0x0, 0x0, 0xdf, 0xf7, 0xff, 0xf5, 0x0, 0x0,
    0x0, 0xd, 0xff, 0x7f, 0xff, 0x50, 0x0, 0x0,
    0x0, 0xdf, 0xf7, 0xff, 0xf5, 0x0, 0x0, 0x0,
    0xd, 0xff, 0x7f, 0xff, 0x50, 0x0, 0x0, 0x0,
    0xdf, 0xf7, 0xff, 0xff, 0xff, 0xff, 0xff, 0xff,
    0xff, 0x7f, 0xff, 0xff, 0xff, 0xff, 0xff, 0xff,
    0xf7, 0xff, 0xfe, 0xdd, 0xdd, 0xdd, 0xdf, 0xff,
    0x7f, 0xff, 0x50, 0x0, 0x0, 0x0, 0xdf, 0xf7,
    0xff, 0xf5, 0x0, 0x0, 0x0, 0xd, 0xff, 0x7f,
    0xff, 0x50, 0x0, 0x0, 0x0, 0xdf, 0xf7, 0xff,
    0xf5, 0x0, 0x0, 0x0, 0xd, 0xff, 0x7f, 0xff,
    0x50, 0x0, 0x0, 0x0, 0xdf, 0xf7, 0xff, 0xf5,
    0x0, 0x0, 0x0, 0xd, 0xff, 0x7f, 0xff, 0x50,
    0x0, 0x0, 0x0, 0xdf, 0xf7, 0xff, 0xf5, 0x0,
    0x0, 0x0, 0xd, 0xff, 0x7f, 0xff, 0x50, 0x0,
    0x0, 0x0, 0xdf, 0xf7, 0xff, 0xf5, 0x0, 0x0,
    0x0, 0xd, 0xff, 0x7f, 0xff, 0x50, 0x0, 0x0,
    0x0, 0xdf, 0xf7, 0xff, 0xf5, 0x0, 0x0, 0x0,
    0xd, 0xff, 0x70,

    /* U+0049 "I" */
    0xdf, 0xff, 0xff, 0xff, 0xff, 0x5d, 0xff, 0xff,
    0xff, 0xff, 0xf5, 0xac, 0xcd, 0xff, 0xfc, 0xcc,
    0x30, 0x0, 0x6f, 0xfe, 0x0, 0x0, 0x0, 0x6,
    0xff, 0xe0, 0x0, 0x0, 0x0, 0x6f, 0xfe, 0x0,
    0x0, 0x0, 0x6, 0xff, 0xe0, 0x0, 0x0, 0x0,
    0x6f, 0xfe, 0x0, 0x0, 0x0, 0x6, 0xff, 0xe0,
    0x0, 0x0, 0x0, 0x6f, 0xfe, 0x0, 0x0, 0x0,
    0x6, 0xff, 0xe0, 0x0, 0x0, 0x0, 0x6f, 0xfe,
    0x0, 0x0, 0x0, 0x6, 0xff, 0xe0, 0x0, 0x0,
    0x0, 0x6f, 0xfe, 0x0, 0x0, 0x0, 0x6, 0xff,
    0xe0, 0x0, 0x0, 0x0, 0x6f, 0xfe, 0x0, 0x0,
    0x0, 0x6, 0xff, 0xe0, 0x0, 0x0, 0x0, 0x6f,
    0xfe, 0x0, 0x0, 0x0, 0x6, 0xff, 0xe0, 0x0,
    0x0, 0x0, 0x6f, 0xfe, 0x0, 0x0, 0x0, 0x6,
    0xff, 0xe0, 0x0, 0x0, 0x0, 0x6f, 0xfe, 0x0,
    0x0, 0x0, 0x6, 0xff, 0xe0, 0x0, 0x0, 0x0,
    0x6f, 0xfe, 0x0, 0x0, 0xac, 0xcd, 0xff, 0xfc,
    0xcc, 0x3d, 0xff, 0xff, 0xff, 0xff, 0xf5, 0xdf,
    0xff, 0xff, 0xff, 0xff, 0x50,

    /* U+004A "J" */
    0x0, 0xdf, 0xff, 0xff, 0xff, 0xf9, 0x0, 0xdf,
    0xff, 0xff, 0xff, 0xf9, 0x0, 0xbd, 0xdd, 0xdd,
    0xff, 0xf9, 0x0, 0x0, 0x0, 0x0, 0xbf, 0xf9,
    0x0, 0x0, 0x0, 0x0, 0xbf, 0xf9, 0x0, 0x0,
    0x0, 0x0, 0xbf, 0xf9, 0x0, 0x0, 0x0, 0x0,
    0xbf, 0xf9, 0x0, 0x0, 0x0, 0x0, 0xbf, 0xf9,
    0x0, 0x0, 0x0, 0x0, 0xbf, 0xf9, 0x0, 0x0,
    0x0, 0x0, 0xbf, 0xf9, 0x0, 0x0, 0x0, 0x0,
    0xbf, 0xf9, 0x0, 0x0, 0x0, 0x0, 0xbf, 0xf9,
    0x0, 0x0, 0x0, 0x0, 0xbf, 0xf9, 0x0, 0x0,
    0x0, 0x0, 0xbf, 0xf9, 0x0, 0x0, 0x0, 0x0,
    0xbf, 0xf9, 0x0, 0x0, 0x0, 0x0, 0xbf, 0xf9,
    0x0, 0x0, 0x0, 0x0, 0xbf, 0xf9, 0x0, 0x0,
    0x0, 0x0, 0xbf, 0xf9, 0x0, 0x0, 0x0, 0x0,
    0xbf, 0xf9, 0x0, 0x0, 0x0, 0x0, 0xbf, 0xf9,
    0x0, 0x0, 0x0, 0x0, 0xbf, 0xf9, 0x0, 0x0,
    0x0, 0x0, 0xcf, 0xf7, 0x0, 0x0, 0x0, 0x1,
    0xff, 0xf5, 0x0, 0x0, 0x0, 0x3d, 0xff, 0xf1,
    0x3e, 0xee, 0xef, 0xff, 0xff, 0x70, 0x4f, 0xff,
    0xff, 0xff, 0xf9, 0x0, 0x4f, 0xff, 0xff, 0xd9,
    0x30, 0x0,

    /* U+004B "K" */
    0xef, 0xf6, 0x0, 0x0, 0x0, 0xbf, 0xfd, 0xe,
    0xff, 0x60, 0x0, 0x0, 0x5f, 0xff, 0x40, 0xef,
    0xf6, 0x0, 0x0, 0xe, 0xff, 0xa0, 0xe, 0xff,
    0x60, 0x0, 0x8, 0xff, 0xf1, 0x0, 0xef, 0xf6,
    0x0, 0x3, 0xff, 0xf7, 0x0, 0xe, 0xff, 0x60,
    0x0, 0xcf, 0xfd, 0x0, 0x0, 0xef, 0xf6, 0x0,
    0x6f, 0xff, 0x30, 0x0, 0xe, 0xff, 0x60, 0x1f,
    0xff, 0x90, 0x0, 0x0, 0xef, 0xf6, 0xa, 0xff,
    0xe1, 0x0, 0x0, 0xe, 0xff, 0x64, 0xff, 0xf5,
    0x0, 0x0, 0x0, 0xef, 0xf6, 0xdf, 0xfb, 0x0,
    0x0, 0x0, 0xe, 0xff, 0xdf, 0xff, 0x20, 0x0,
    0x0, 0x0, 0xef, 0xff, 0xff, 0xf2, 0x0, 0x0,
    0x0, 0xe, 0xff, 0xff, 0xff, 0xb0, 0x0, 0x0,
    0x0, 0xef, 0xff, 0xff, 0xff, 0x30, 0x0, 0x0,
    0xe, 0xff, 0xf6, 0xdf, 0xfb, 0x0, 0x0, 0x0,
    0xef, 0xfb, 0x5, 0xff, 0xf3, 0x0, 0x0, 0xe,
    0xff, 0x60, 0xd, 0xff, 0xc0, 0x0, 0x0, 0xef,
    0xf6, 0x0, 0x5f, 0xff, 0x40, 0x0, 0xe, 0xff,
    0x60, 0x0, 0xdf, 0xfc, 0x0, 0x0, 0xef, 0xf6,
    0x0, 0x5, 0xff, 0xf4, 0x0, 0xe, 0xff, 0x60,
    0x0, 0xd, 0xff, 0xd0, 0x0, 0xef, 0xf6, 0x0,
    0x0, 0x5f, 0xff, 0x50, 0xe, 0xff, 0x60, 0x0,
    0x0, 0xdf, 0xfd, 0x0, 0xef, 0xf6, 0x0, 0x0,
    0x5, 0xff, 0xf6, 0xe, 0xff, 0x60, 0x0, 0x0,
    0xd, 0xff, 0xd0, 0xef, 0xf6, 0x0, 0x0, 0x0,
    0x6f, 0xff, 0x60,

    /* U+004C "L" */
    0xaf, 0xfa, 0x0, 0x0, 0x0, 0x0, 0xa, 0xff,
    0xa0, 0x0, 0x0, 0x0, 0x0, 0xaf, 0xfa, 0x0,
    0x0, 0x0, 0x0, 0xa, 0xff, 0xa0, 0x0, 0x0,
    0x0, 0x0, 0xaf, 0xfa, 0x0, 0x0, 0x0, 0x0,
    0xa, 0xff, 0xa0, 0x0, 0x0, 0x0, 0x0, 0xaf,
    0xfa, 0x0, 0x0, 0x0, 0x0, 0xa, 0xff, 0xa0,
    0x0, 0x0, 0x0, 0x0, 0xaf, 0xfa, 0x0, 0x0,
    0x0, 0x0, 0xa, 0xff, 0xa0, 0x0, 0x0, 0x0,
    0x0, 0xaf, 0xfa, 0x0, 0x0, 0x0, 0x0, 0xa,
    0xff, 0xa0, 0x0, 0x0, 0x0, 0x0, 0xaf, 0xfa,
    0x0, 0x0, 0x0, 0x0, 0xa, 0xff, 0xa0, 0x0,
    0x0, 0x0, 0x0, 0xaf, 0xfa, 0x0, 0x0, 0x0,
    0x0, 0xa, 0xff, 0xa0, 0x0, 0x0, 0x0, 0x0,
    0xaf, 0xfa, 0x0, 0x0, 0x0, 0x0, 0xa, 0xff,
    0xa0, 0x0, 0x0, 0x0, 0x0, 0xaf, 0xfa, 0x0,
    0x0, 0x0, 0x0, 0xa, 0xff, 0xa0, 0x0, 0x0,
    0x0, 0x0, 0xaf, 0xfa, 0x0, 0x0, 0x0, 0x0,
    0xa, 0xff, 0xa0, 0x0, 0x0, 0x0, 0x0, 0xaf,
    0xfa, 0x0, 0x0, 0x0, 0x0, 0xa, 0xff, 0xa0,
    0x0, 0x0, 0x0, 0x0, 0xaf, 0xff, 0xee, 0xee,
    0xee, 0xee, 0x2a, 0xff, 0xff, 0xff, 0xff, 0xff,
    0xf2, 0xaf, 0xff, 0xff, 0xff, 0xff, 0xff, 0x20,

    /* U+004D "M" */
    0xff, 0xff, 0xf6, 0x0, 0x0, 0xb, 0xff, 0xff,
    0x8f, 0xff, 0xff, 0xa0, 0x0, 0x0, 0xef, 0xff,
    0xf8, 0xff, 0xff, 0xfd, 0x0, 0x0, 0x2f, 0xff,
    0xff, 0x8f, 0xfe, 0xef, 0xf1, 0x0, 0x5, 0xff,
    0xdf, 0xf8, 0xff, 0xea, 0xff, 0x40, 0x0, 0x9f,
    0xf9, 0xff, 0x8f, 0xfe, 0x6f, 0xf8, 0x0, 0xd,
    0xfe, 0x6f, 0xf8, 0xff, 0xe2, 0xff, 0xb0, 0x0,
    0xff, 0xa6, 0xff, 0x8f, 0xfe, 0xe, 0xff, 0x0,
    0x4f, 0xf6, 0x6f, 0xf8, 0xff, 0xe0, 0xbf, 0xf2,
    0x7, 0xff, 0x26, 0xff, 0x8f, 0xfe, 0x7, 0xff,
    0x60, 0xbf, 0xe0, 0x6f, 0xf8, 0xff, 0xe0, 0x3f,
    0xf9, 0xe, 0xfa, 0x6, 0xff, 0x8f, 0xfe, 0x0,
    0xff, 0xd2, 0xff, 0x60, 0x6f, 0xf8, 0xff, 0xe0,
    0xb, 0xff, 0x6f, 0xf2, 0x6, 0xff, 0x8f, 0xfe,
    0x0, 0x7f, 0xfd, 0xfe, 0x0, 0x6f, 0xf8, 0xff,
    0xe0, 0x3, 0xff, 0xff, 0xa0, 0x6, 0xff, 0x8f,
    0xfe, 0x0, 0xf, 0xff, 0xf6, 0x0, 0x6f, 0xf8,
    0xff, 0xe0, 0x0, 0xbf, 0xff, 0x20, 0x6, 0xff,
    0x8f, 0xfe, 0x0, 0x7, 0xee, 0xd0, 0x0, 0x6f,
    0xf8, 0xff, 0xe0, 0x0, 0x0, 0x0, 0x0, 0x6,
    0xff, 0x8f, 0xfe, 0x0, 0x0, 0x0, 0x0, 0x0,
    0x6f, 0xf8, 0xff, 0xe0, 0x0, 0x0, 0x0, 0x0,
    0x6, 0xff, 0x8f, 0xfe, 0x0, 0x0, 0x0, 0x0,
    0x0, 0x6f, 0xf8, 0xff, 0xe0, 0x0, 0x0, 0x0,
    0x0, 0x6, 0xff, 0x8f, 0xfe, 0x0, 0x0, 0x0,
    0x0, 0x0, 0x6f, 0xf8, 0xff, 0xe0, 0x0, 0x0,
    0x0, 0x0, 0x6, 0xff, 0x8f, 0xfe, 0x0, 0x0,
    0x0, 0x0, 0x0, 0x6f, 0xf8, 0xff, 0xe0, 0x0,
    0x0, 0x0, 0x0, 0x6, 0xff, 0x80,

    /* U+004E "N" */
    0xff, 0xff, 0xf8, 0x0, 0x0, 0x9, 0xff, 0x7f,
    0xff, 0xff, 0xc0, 0x0, 0x0, 0x9f, 0xf7, 0xff,
    0xff, 0xff, 0x0, 0x0, 0x9, 0xff, 0x7f, 0xff,
    0xdf, 0xf4, 0x0, 0x0, 0x9f, 0xf7, 0xff, 0xf9,
    0xff, 0x80, 0x0, 0x9, 0xff, 0x7f, 0xff, 0x5f,
    0xfc, 0x0, 0x0, 0x9f, 0xf7, 0xff, 0xf1, 0xff,
    0xf0, 0x0, 0x9, 0xff, 0x7f, 0xff, 0x1c, 0xff,
    0x40, 0x0, 0x9f, 0xf7, 0xff, 0xf1, 0x8f, 0xf8,
    0x0, 0x9, 0xff, 0x7f, 0xff, 0x14, 0xff, 0xc0,
    0x0, 0x9f, 0xf7, 0xff, 0xf1, 0xf, 0xff, 0x0,
    0x9, 0xff, 0x7f, 0xff, 0x10, 0xcf, 0xf4, 0x0,
    0x9f, 0xf7, 0xff, 0xf1, 0x8, 0xff, 0x80, 0x9,
    0xff, 0x7f, 0xff, 0x10, 0x4f, 0xfc, 0x0, 0x9f,
    0xf7, 0xff, 0xf1, 0x0, 0xff, 0xf0, 0x9, 0xff,
    0x7f, 0xff, 0x10, 0xc, 0xff, 0x40, 0x9f, 0xf7,
    0xff, 0xf1, 0x0, 0x8f, 0xf8, 0x9, 0xff, 0x7f,
    0xff, 0x10, 0x4, 0xff, 0xc0, 0x9f, 0xf7, 0xff,
    0xf1, 0x0, 0x1f, 0xff, 0x9, 0xff, 0x7f, 0xff,
    0x10, 0x0, 0xcf, 0xf3, 0x9f, 0xf7, 0xff, 0xf1,
    0x0, 0x9, 0xff, 0x79, 0xff, 0x7f, 0xff, 0x10,
    0x0, 0x5f, 0xfb, 0x9f, 0xf7, 0xff, 0xf1, 0x0,
    0x1, 0xff, 0xf9, 0xff, 0x7f, 0xff, 0x10, 0x0,
    0xd, 0xff, 0xdf, 0xf7, 0xff, 0xf1, 0x0, 0x0,
    0x9f, 0xff, 0xff, 0x7f, 0xff, 0x10, 0x0, 0x5,
    0xff, 0xff, 0xf7, 0xff, 0xf1, 0x0, 0x0, 0x1f,
    0xff, 0xff, 0x70,

    /* U+004F "O" */
    0x0, 0x2, 0x8c, 0xef, 0xff, 0xea, 0x50, 0x0,
    0x0, 0x6f, 0xff, 0xff, 0xff, 0xff, 0xfc, 0x10,
    0x4, 0xff, 0xff, 0xfe, 0xee, 0xff, 0xff, 0xc0,
    0xc, 0xff, 0xe5, 0x0, 0x0, 0x1a, 0xff, 0xf5,
    0x1f, 0xff, 0x50, 0x0, 0x0, 0x0, 0xcf, 0xf9,
    0x4f, 0xff, 0x0, 0x0, 0x0, 0x0, 0x8f, 0xfc,
    0x5f, 0xff, 0x0, 0x0, 0x0, 0x0, 0x7f, 0xfd,
    0x5f, 0xff, 0x0, 0x0, 0x0, 0x0, 0x7f, 0xfd,
    0x5f, 0xff, 0x0, 0x0, 0x0, 0x0, 0x7f, 0xfd,
    0x5f, 0xff, 0x0, 0x0, 0x0, 0x0, 0x7f, 0xfd,
    0x5f, 0xff, 0x0, 0x0, 0x0, 0x0, 0x7f, 0xfd,
    0x5f, 0xff, 0x0, 0x0, 0x0, 0x0, 0x7f, 0xfd,
    0x5f, 0xff, 0x0, 0x0, 0x0, 0x0, 0x7f, 0xfd,
    0x5f, 0xff, 0x0, 0x0, 0x0, 0x0, 0x7f, 0xfd,
    0x5f, 0xff, 0x0, 0x0, 0x0, 0x0, 0x7f, 0xfd,
    0x5f, 0xff, 0x0, 0x0, 0x0, 0x0, 0x7f, 0xfd,
    0x5f, 0xff, 0x0, 0x0, 0x0, 0x0, 0x7f, 0xfd,
    0x5f, 0xff, 0x0, 0x0, 0x0, 0x0, 0x7f, 0xfd,
    0x5f, 0xff, 0x0, 0x0, 0x0, 0x0, 0x7f, 0xfd,
    0x5f, 0xff, 0x0, 0x0, 0x0, 0x0, 0x7f, 0xfd,
    0x5f, 0xff, 0x0, 0x0, 0x0, 0x0, 0x7f, 0xfd,
    0x4f, 0xff, 0x0, 0x0, 0x0, 0x0, 0x8f, 0xfc,
    0x1f, 0xff, 0x50, 0x0, 0x0, 0x0, 0xcf, 0xf9,
    0xc, 0xff, 0xe5, 0x0, 0x0, 0x1a, 0xff, 0xf5,
    0x4, 0xff, 0xff, 0xfe, 0xee, 0xff, 0xff, 0xc0,
    0x0, 0x6f, 0xff, 0xff, 0xff, 0xff, 0xfc, 0x10,
    0x0, 0x2, 0x8c, 0xff, 0xff, 0xeb, 0x50, 0x0,

    /* U+0050 "P" */
    0x9f, 0xff, 0xff, 0xff, 0xfd, 0x92, 0x0, 0x9,
    0xff, 0xff, 0xff, 0xff, 0xff, 0xf7, 0x0, 0x9f,
    0xff, 0xdd, 0xdd, 0xef, 0xff, 0xf4, 0x9, 0xff,
    0xb0, 0x0, 0x0, 0x2d, 0xff, 0xb0, 0x9f, 0xfb,
    0x0, 0x0, 0x0, 0x5f, 0xff, 0x9, 0xff, 0xb0,
    0x0, 0x0, 0x3, 0xff, 0xf1, 0x9f, 0xfb, 0x0,
    0x0, 0x0, 0x2f, 0xff, 0x29, 0xff, 0xb0, 0x0,
    0x0, 0x2, 0xff, 0xf2, 0x9f, 0xfb, 0x0, 0x0,
    0x0, 0x2f, 0xff, 0x29, 0xff, 0xb0, 0x0, 0x0,
    0x2, 0xff, 0xf2, 0x9f, 0xfb, 0x0, 0x0, 0x0,
    0x2f, 0xff, 0x29, 0xff, 0xb0, 0x0, 0x0, 0x3,
    0xff, 0xf1, 0x9f, 0xfb, 0x0, 0x0, 0x0, 0x6f,
    0xfe, 0x9, 0xff, 0xb0, 0x0, 0x0, 0x5e, 0xff,
    0xa0, 0x9f, 0xff, 0xff, 0xff, 0xff, 0xff, 0xf2,
    0x9, 0xff, 0xff, 0xff, 0xff, 0xff, 0xe4, 0x0,
    0x9f, 0xff, 0xdd, 0xdd, 0xca, 0x61, 0x0, 0x9,
    0xff, 0xb0, 0x0, 0x0, 0x0, 0x0, 0x0, 0x9f,
    0xfb, 0x0, 0x0, 0x0, 0x0, 0x0, 0x9, 0xff,
    0xb0, 0x0, 0x0, 0x0, 0x0, 0x0, 0x9f, 0xfb,
    0x0, 0x0, 0x0, 0x0, 0x0, 0x9, 0xff, 0xb0,
    0x0, 0x0, 0x0, 0x0, 0x0, 0x9f, 0xfb, 0x0,
    0x0, 0x0, 0x0, 0x0, 0x9, 0xff, 0xb0, 0x0,
    0x0, 0x0, 0x0, 0x0, 0x9f, 0xfb, 0x0, 0x0,
    0x0, 0x0, 0x0, 0x9, 0xff, 0xb0, 0x0, 0x0,
    0x0, 0x0, 0x0, 0x9f, 0xfb, 0x0, 0x0, 0x0,
    0x0, 0x0, 0x0,

    /* U+0051 "Q" */
    0x0, 0x2, 0x8c, 0xef, 0xff, 0xea, 0x50, 0x0,
    0x0, 0x0, 0x6f, 0xff, 0xff, 0xff, 0xff, 0xfc,
    0x10, 0x0, 0x4, 0xff, 0xff, 0xfe, 0xee, 0xff,
    0xff, 0xc0, 0x0, 0xc, 0xff, 0xe5, 0x0, 0x0,
    0x1a, 0xff, 0xf4, 0x0, 0x1f, 0xff, 0x50, 0x0,
    0x0, 0x0, 0xcf, 0xf9, 0x0, 0x4f, 0xff, 0x0,
    0x0, 0x0, 0x0, 0x8f, 0xfc, 0x0, 0x5f, 0xff,
    0x0, 0x0, 0x0, 0x0, 0x7f, 0xfd, 0x0, 0x5f,
    0xff, 0x0, 0x0, 0x0, 0x0, 0x7f, 0xfd, 0x0,
    0x5f, 0xff, 0x0, 0x0, 0x0, 0x0, 0x7f, 0xfd,
    0x0, 0x5f, 0xff, 0x0, 0x0, 0x0, 0x0, 0x7f,
    0xfd, 0x0, 0x5f, 0xff, 0x0, 0x0, 0x0, 0x0,
    0x7f, 0xfd, 0x0, 0x5f, 0xff, 0x0, 0x0, 0x0,
    0x0, 0x7f, 0xfd, 0x0, 0x5f, 0xff, 0x0, 0x0,
    0x0, 0x0, 0x7f, 0xfd, 0x0, 0x5f, 0xff, 0x0,
    0x0, 0x0, 0x0, 0x7f, 0xfd, 0x0, 0x5f, 0xff,
    0x0, 0x0, 0x0, 0x0, 0x7f, 0xfd, 0x0, 0x5f,
    0xff, 0x0, 0x0, 0x0, 0x0, 0x7f, 0xfd, 0x0,
    0x5f, 0xff, 0x0, 0x0, 0x0, 0x0, 0x7f, 0xfd,
    0x0, 0x5f, 0xff, 0x0, 0x0, 0x0, 0x0, 0x7f,
    0xfd, 0x0, 0x5f, 0xff, 0x0, 0x0, 0x0, 0x0,
    0x7f, 0xfd, 0x0, 0x5f, 0xff, 0x0, 0x0, 0x0,
    0x0, 0x7f, 0xfd, 0x0, 0x5f, 0xff, 0x0, 0x0,
    0x0, 0x0, 0x7f, 0xfd, 0x0, 0x4f, 0xff, 0x0,
    0x0, 0x0, 0x0, 0x8f, 0xfc, 0x0, 0x1f, 0xff,
    0x50, 0x0, 0x0, 0x0, 0xcf, 0xf9, 0x0, 0xc,
    0xff, 0xe5, 0x0, 0x0, 0x1a, 0xff, 0xf4, 0x0,
    0x4, 0xff, 0xff, 0xfe, 0xee, 0xff, 0xff, 0xf3,
    0x0, 0x0, 0x6f, 0xff, 0xff, 0xff, 0xff, 0xff,
    0xff, 0x30, 0x0, 0x2, 0x8c, 0xff, 0xff, 0xea,
    0x6e, 0xff, 0xf3, 0x0, 0x0, 0x0, 0x0, 0x0,
    0x0, 0x3, 0xef, 0xf5, 0x0, 0x0, 0x0, 0x0,
    0x0, 0x0, 0x0, 0x3e, 0x50, 0x0, 0x0, 0x0,
    0x0, 0x0, 0x0, 0x0, 0x0, 0x0,

    /* U+0052 "R" */
    0x5f, 0xff, 0xff, 0xff, 0xfd, 0xa4, 0x0, 0x0,
    0x5, 0xff, 0xff, 0xff, 0xff, 0xff, 0xfa, 0x0,
    0x0, 0x5f, 0xff, 0xdd, 0xdd, 0xef, 0xff, 0xf7,
    0x0, 0x5, 0xff, 0xf0, 0x0, 0x0, 0x1b, 0xff,
    0xe0, 0x0, 0x5f, 0xff, 0x0, 0x0, 0x0, 0x2f,
    0xff, 0x30, 0x5, 0xff, 0xf0, 0x0, 0x0, 0x0,
    0xff, 0xf4, 0x0, 0x5f, 0xff, 0x0, 0x0, 0x0,
    0xf, 0xff, 0x50, 0x5, 0xff, 0xf0, 0x0, 0x0,
    0x0, 0xff, 0xf5, 0x0, 0x5f, 0xff, 0x0, 0x0,
    0x0, 0xf, 0xff, 0x50, 0x5, 0xff, 0xf0, 0x0,
    0x0, 0x0, 0xff, 0xf5, 0x0, 0x5f, 0xff, 0x0,
    0x0, 0x0, 0xf, 0xff, 0x40, 0x5, 0xff, 0xf0,
    0x0, 0x0, 0x2, 0xff, 0xf2, 0x0, 0x5f, 0xff,
    0x0, 0x0, 0x1, 0xbf, 0xfd, 0x0, 0x5, 0xff,
    0xfd, 0xdd, 0xde, 0xff, 0xff, 0x60, 0x0, 0x5f,
    0xff, 0xff, 0xff, 0xff, 0xff, 0x70, 0x0, 0x5,
    0xff, 0xff, 0xff, 0xff, 0xff, 0x20, 0x0, 0x0,
    0x5f, 0xff, 0x0, 0x1, 0xff, 0xf7, 0x0, 0x0,
    0x5, 0xff, 0xf0, 0x0, 0xa, 0xff, 0xe0, 0x0,
    0x0, 0x5f, 0xff, 0x0, 0x0, 0x3f, 0xff, 0x50,
    0x0, 0x5, 0xff, 0xf0, 0x0, 0x0, 0xcf, 0xfc,
    0x0, 0x0, 0x5f, 0xff, 0x0, 0x0, 0x4, 0xff,
    0xf4, 0x0, 0x5, 0xff, 0xf0, 0x0, 0x0, 0xd,
    0xff, 0xb0, 0x0, 0x5f, 0xff, 0x0, 0x0, 0x0,
    0x6f, 0xff, 0x20, 0x5, 0xff, 0xf0, 0x0, 0x0,
    0x0, 0xef, 0xf9, 0x0, 0x5f, 0xff, 0x0, 0x0,
    0x0, 0x8, 0xff, 0xf1, 0x5, 0xff, 0xf0, 0x0,
    0x0, 0x0, 0x1f, 0xff, 0x80, 0x5f, 0xff, 0x0,
    0x0, 0x0, 0x0, 0xaf, 0xfe, 0x0,

    /* U+0053 "S" */
    0x0, 0x1, 0x7c, 0xef, 0xff, 0xff, 0xf1, 0x0,
    0x3e, 0xff, 0xff, 0xff, 0xff, 0xf1, 0x2, 0xff,
    0xff, 0xfe, 0xee, 0xee, 0xe1, 0x9, 0xff, 0xf6,
    0x0, 0x0, 0x0, 0x0, 0xe, 0xff, 0x80, 0x0,
    0x0, 0x0, 0x0, 0x1f, 0xff, 0x30, 0x0, 0x0,
    0x0, 0x0, 0x2f, 0xff, 0x10, 0x0, 0x0, 0x0,
    0x0, 0x3f, 0xff, 0x10, 0x0, 0x0, 0x0, 0x0,
    0x2f, 0xff, 0x10, 0x0, 0x0, 0x0, 0x0, 0x1f,
    0xff, 0x20, 0x0, 0x0, 0x0, 0x0, 0xf, 0xff,
    0x70, 0x0, 0x0, 0x0, 0x0, 0xa, 0xff, 0xf6,
    0x10, 0x0, 0x0, 0x0, 0x2, 0xff, 0xff, 0xff,
    0xfd, 0x81, 0x0, 0x0, 0x5f, 0xff, 0xff, 0xff,
    0xfe, 0x20, 0x0, 0x2, 0x9d, 0xff, 0xff, 0xff,
    0xd0, 0x0, 0x0, 0x0, 0x0, 0x18, 0xff, 0xf4,
    0x0, 0x0, 0x0, 0x0, 0x0, 0xdf, 0xf8, 0x0,
    0x0, 0x0, 0x0, 0x0, 0xaf, 0xfa, 0x0, 0x0,
    0x0, 0x0, 0x0, 0xaf, 0xfa, 0x0, 0x0, 0x0,
    0x0, 0x0, 0xaf, 0xfb, 0x0, 0x0, 0x0, 0x0,
    0x0, 0xaf, 0xfa, 0x0, 0x0, 0x0, 0x0, 0x0,
    0xaf, 0xf9, 0x0, 0x0, 0x0, 0x0, 0x0, 0xef,
    0xf7, 0x0, 0x0, 0x0, 0x0, 0x2b, 0xff, 0xf2,
    0x7, 0xee, 0xee, 0xef, 0xff, 0xff, 0xa0, 0x8,
    0xff, 0xff, 0xff, 0xff, 0xfb, 0x0, 0x8, 0xff,
    0xff, 0xff, 0xda, 0x40, 0x0,

    /* U+0054 "T" */
    0x7f, 0xff, 0xff, 0xff, 0xff, 0xff, 0xff, 0xff,
    0x7f, 0xff, 0xff, 0xff, 0xff, 0xff, 0xff, 0xff,
    0x6e, 0xee, 0xee, 0xef, 0xff, 0xee, 0xee, 0xed,
    0x0, 0x0, 0x0, 0x6f, 0xfe, 0x0, 0x0, 0x0,
    0x0, 0x0, 0x0, 0x6f, 0xfe, 0x0, 0x0, 0x0,
    0x0, 0x0, 0x0, 0x6f, 0xfe, 0x0, 0x0, 0x0,
    0x0, 0x0, 0x0, 0x6f, 0xfe, 0x0, 0x0, 0x0,
    0x0, 0x0, 0x0, 0x6f, 0xfe, 0x0, 0x0, 0x0,
    0x0, 0x0, 0x0, 0x6f, 0xfe, 0x0, 0x0, 0x0,
    0x0, 0x0, 0x0, 0x6f, 0xfe, 0x0, 0x0, 0x0,
    0x0, 0x0, 0x0, 0x6f, 0xfe, 0x0, 0x0, 0x0,
    0x0, 0x0, 0x0, 0x6f, 0xfe, 0x0, 0x0, 0x0,
    0x0, 0x0, 0x0, 0x6f, 0xfe, 0x0, 0x0, 0x0,
    0x0, 0x0, 0x0, 0x6f, 0xfe, 0x0, 0x0, 0x0,
    0x0, 0x0, 0x0, 0x6f, 0xfe, 0x0, 0x0, 0x0,
    0x0, 0x0, 0x0, 0x6f, 0xfe, 0x0, 0x0, 0x0,
    0x0, 0x0, 0x0, 0x6f, 0xfe, 0x0, 0x0, 0x0,
    0x0, 0x0, 0x0, 0x6f, 0xfe, 0x0, 0x0, 0x0,
    0x0, 0x0, 0x0, 0x6f, 0xfe, 0x0, 0x0, 0x0,
    0x0, 0x0, 0x0, 0x6f, 0xfe, 0x0, 0x0, 0x0,
    0x0, 0x0, 0x0, 0x6f, 0xfe, 0x0, 0x0, 0x0,
    0x0, 0x0, 0x0, 0x6f, 0xfe, 0x0, 0x0, 0x0,
    0x0, 0x0, 0x0, 0x6f, 0xfe, 0x0, 0x0, 0x0,
    0x0, 0x0, 0x0, 0x6f, 0xfe, 0x0, 0x0, 0x0,
    0x0, 0x0, 0x0, 0x6f, 0xfe, 0x0, 0x0, 0x0,
    0x0, 0x0, 0x0, 0x6f, 0xfe, 0x0, 0x0, 0x0,
    0x0, 0x0, 0x0, 0x6f, 0xfe, 0x0, 0x0, 0x0,

    /* U+0055 "U" */
    0x1f, 0xff, 0x30, 0x0, 0x0, 0x0, 0xcf, 0xf9,
    0x1f, 0xff, 0x30, 0x0, 0x0, 0x0, 0xcf, 0xf9,
    0x1f, 0xff, 0x30, 0x0, 0x0, 0x0, 0xcf, 0xf9,
    0x1f, 0xff, 0x30, 0x0, 0x0, 0x0, 0xcf, 0xf9,
    0x1f, 0xff, 0x30, 0x0, 0x0, 0x0, 0xcf, 0xf9,
    0x1f, 0xff, 0x30, 0x0, 0x0, 0x0, 0xcf, 0xf9,
    0x1f, 0xff, 0x30, 0x0, 0x0, 0x0, 0xcf, 0xf9,
    0x1f, 0xff, 0x30, 0x0, 0x0, 0x0, 0xcf, 0xf9,
    0x1f, 0xff, 0x30, 0x0, 0x0, 0x0, 0xcf, 0xf9,
    0x1f, 0xff, 0x30, 0x0, 0x0, 0x0, 0xcf, 0xf9,
    0x1f, 0xff, 0x30, 0x0, 0x0, 0x0, 0xcf, 0xf9,
    0x1f, 0xff, 0x30, 0x0, 0x0, 0x0, 0xcf, 0xf9,
    0x1f, 0xff, 0x30, 0x0, 0x0, 0x0, 0xcf, 0xf9,
    0x1f, 0xff, 0x30, 0x0, 0x0, 0x0, 0xcf, 0xf9,
    0x1f, 0xff, 0x30, 0x0, 0x0, 0x0, 0xcf, 0xf9,
    0x1f, 0xff, 0x30, 0x0, 0x0, 0x0, 0xcf, 0xf9,
    0x1f, 0xff, 0x30, 0x0, 0x0, 0x0, 0xcf, 0xf9,
    0x1f, 0xff, 0x30, 0x0, 0x0, 0x0, 0xcf, 0xf9,
    0x1f, 0xff, 0x30, 0x0, 0x0, 0x0, 0xcf, 0xf9,
    0x1f, 0xff, 0x30, 0x0, 0x0, 0x0, 0xcf, 0xf9,
    0x1f, 0xff, 0x30, 0x0, 0x0, 0x0, 0xcf, 0xf8,
    0xf, 0xff, 0x40, 0x0, 0x0, 0x0, 0xcf, 0xf7,
    0xd, 0xff, 0x90, 0x0, 0x0, 0x2, 0xff, 0xf5,
    0x8, 0xff, 0xf7, 0x0, 0x0, 0x3d, 0xff, 0xf1,
    0x1, 0xef, 0xff, 0xfe, 0xef, 0xff, 0xff, 0x70,
    0x0, 0x3e, 0xff, 0xff, 0xff, 0xff, 0xf8, 0x0,
    0x0, 0x0, 0x7b, 0xef, 0xff, 0xd9, 0x30, 0x0,

    /* U+0056 "V" */
    0xcf, 0xf9, 0x0, 0x0, 0x0, 0x0, 0x2f, 0xff,
    0x19, 0xff, 0xc0, 0x0, 0x0, 0x0, 0x6, 0xff,
    0xd0, 0x5f, 0xff, 0x0, 0x0, 0x0, 0x0, 0x9f,
    0xfa, 0x2, 0xff, 0xf2, 0x0, 0x0, 0x0, 0xc,
    0xff, 0x60, 0xf, 0xff, 0x50, 0x0, 0x0, 0x0,
    0xff, 0xf3, 0x0, 0xbf, 0xf8, 0x0, 0x0, 0x0,
    0x3f, 0xff, 0x0, 0x8, 0xff, 0xb0, 0x0, 0x0,
    0x6, 0xff, 0xc0, 0x0, 0x5f, 0xfe, 0x0, 0x0,
    0x0, 0x9f, 0xf8, 0x0, 0x1, 0xff, 0xf1, 0x0,
    0x0, 0xd, 0xff, 0x50, 0x0, 0xe, 0xff, 0x40,
    0x0, 0x0, 0xff, 0xf1, 0x0, 0x0, 0xbf, 0xf7,
    0x0, 0x0, 0x3f, 0xfe, 0x0, 0x0, 0x7, 0xff,
    0xb0, 0x0, 0x7, 0xff, 0xa0, 0x0, 0x0, 0x4f,
    0xfe, 0x0, 0x0, 0xaf, 0xf7, 0x0, 0x0, 0x1,
    0xff, 0xf1, 0x0, 0xd, 0xff, 0x30, 0x0, 0x0,
    0xd, 0xff, 0x40, 0x1, 0xff, 0xf0, 0x0, 0x0,
    0x0, 0xaf, 0xf7, 0x0, 0x4f, 0xfc, 0x0, 0x0,
    0x0, 0x7, 0xff, 0xa0, 0x7, 0xff, 0x80, 0x0,
    0x0, 0x0, 0x4f, 0xfd, 0x0, 0xbf, 0xf5, 0x0,
    0x0, 0x0, 0x0, 0xff, 0xf0, 0xe, 0xff, 0x10,
    0x0, 0x0, 0x0, 0xd, 0xff, 0x31, 0xff, 0xe0,
    0x0, 0x0, 0x0, 0x0, 0xaf, 0xf6, 0x5f, 0xfa,
    0x0, 0x0, 0x0, 0x0, 0x6, 0xff, 0x98, 0xff,
    0x70, 0x0, 0x0, 0x0, 0x0, 0x3f, 0xfd, 0xbf,
    0xf3, 0x0, 0x0, 0x0, 0x0, 0x0, 0xff, 0xff,
    0xff, 0x0, 0x0, 0x0, 0x0, 0x0, 0xc, 0xff,
    0xff, 0xc0, 0x0, 0x0, 0x0, 0x0, 0x0, 0x9f,
    0xff, 0xf9, 0x0, 0x0, 0x0, 0x0, 0x0, 0x6,
    0xff, 0xff, 0x50, 0x0, 0x0, 0x0,

    /* U+0057 "W" */
    0xf, 0xfc, 0x0, 0x0, 0x0, 0x0, 0x0, 0x3f,
    0xf6, 0xf, 0xfd, 0x0, 0x0, 0x0, 0x0, 0x0,
    0x4f, 0xf5, 0xf, 0xfd, 0x0, 0x0, 0x0, 0x0,
    0x0, 0x5f, 0xf5, 0xe, 0xfe, 0x0, 0x0, 0x0,
    0x0, 0x0, 0x5f, 0xf4, 0xd, 0xff, 0x0, 0x0,
    0x0, 0x0, 0x0, 0x6f, 0xf3, 0xc, 0xff, 0x0,
    0x0, 0x0, 0x0, 0x0, 0x7f, 0xf2, 0xc, 0xff,
    0x0, 0x0, 0x0, 0x0, 0x0, 0x8f, 0xf1, 0xb,
    0xff, 0x10, 0x0, 0x0, 0x0, 0x0, 0x8f, 0xf1,
    0xa, 0xff, 0x20, 0x0, 0x0, 0x0, 0x0, 0x9f,
    0xf0, 0x9, 0xff, 0x30, 0x0, 0x0, 0x0, 0x0,
    0xaf, 0xf0, 0x8, 0xff, 0x30, 0x0, 0x0, 0x0,
    0x0, 0xbf, 0xe0, 0x8, 0xff, 0x40, 0x0, 0x9a,
    0x40, 0x0, 0xcf, 0xe0, 0x7, 0xff, 0x50, 0x3,
    0xff, 0xb0, 0x0, 0xcf, 0xd0, 0x6, 0xff, 0x60,
    0x7, 0xff, 0xe0, 0x0, 0xdf, 0xc0, 0x5, 0xff,
    0x60, 0xb, 0xff, 0xf3, 0x0, 0xef, 0xb0, 0x5,
    0xff, 0x70, 0xf, 0xff, 0xf7, 0x0, 0xff, 0xb0,
    0x4, 0xff, 0x80, 0x3f, 0xfd, 0xfb, 0x0, 0xff,
    0xa0, 0x3, 0xff, 0x90, 0x7f, 0xe8, 0xff, 0x0,
    0xff, 0x90, 0x2, 0xff, 0xa0, 0xbf, 0xa5, 0xff,
    0x31, 0xff, 0x80, 0x2, 0xff, 0xa0, 0xff, 0x72,
    0xff, 0x72, 0xff, 0x80, 0x1, 0xff, 0xb3, 0xff,
    0x30, 0xff, 0xb3, 0xff, 0x70, 0x0, 0xff, 0xc7,
    0xff, 0x0, 0xcf, 0xf4, 0xff, 0x60, 0x0, 0xff,
    0xdb, 0xfc, 0x0, 0x8f, 0xf8, 0xff, 0x50, 0x0,
    0xef, 0xdf, 0xf9, 0x0, 0x5f, 0xfd, 0xff, 0x40,
    0x0, 0xef, 0xff, 0xf5, 0x0, 0x2f, 0xff, 0xff,
    0x40, 0x0, 0xdf, 0xff, 0xf2, 0x0, 0xf, 0xff,
    0xff, 0x30, 0x0, 0xcf, 0xff, 0xe0, 0x0, 0xc,
    0xff, 0xff, 0x20,

    /* U+0058 "X" */
    0x3, 0xff, 0xf6, 0x0, 0x0, 0x0, 0x9, 0xff,
    0xe0, 0x0, 0xcf, 0xfd, 0x0, 0x0, 0x0, 0x1f,
    0xff, 0x70, 0x0, 0x4f, 0xff, 0x40, 0x0, 0x0,
    0x8f, 0xff, 0x10, 0x0, 0xd, 0xff, 0xc0, 0x0,
    0x0, 0xef, 0xf8, 0x0, 0x0, 0x6, 0xff, 0xf3,
    0x0, 0x7, 0xff, 0xf1, 0x0, 0x0, 0x0, 0xef,
    0xfa, 0x0, 0xe, 0xff, 0x90, 0x0, 0x0, 0x0,
    0x7f, 0xff, 0x20, 0x6f, 0xff, 0x20, 0x0, 0x0,
    0x0, 0xf, 0xff, 0x90, 0xdf, 0xfa, 0x0, 0x0,
    0x0, 0x0, 0x8, 0xff, 0xf6, 0xff, 0xf2, 0x0,
    0x0, 0x0, 0x0, 0x1, 0xff, 0xff, 0xff, 0xb0,
    0x0, 0x0, 0x0, 0x0, 0x0, 0x9f, 0xff, 0xff,
    0x30, 0x0, 0x0, 0x0, 0x0, 0x0, 0x2f, 0xff,
    0xfc, 0x0, 0x0, 0x0, 0x0, 0x0, 0x0, 0xb,
    0xff, 0xf4, 0x0, 0x0, 0x0, 0x0, 0x0, 0x0,
    0xa, 0xff, 0xf4, 0x0, 0x0, 0x0, 0x0, 0x0,
    0x0, 0x2f, 0xff, 0xfb, 0x0, 0x0, 0x0, 0x0,
    0x0, 0x0, 0x9f, 0xff, 0xff, 0x30, 0x0, 0x0,
    0x0, 0x0, 0x1, 0xff, 0xff, 0xff, 0xa0, 0x0,
    0x0, 0x0, 0x0, 0x9, 0xff, 0xf7, 0xff, 0xf2,
    0x0, 0x0, 0x0, 0x0, 0x1f, 0xff, 0x80, 0xef,
    0xf9, 0x0, 0x0, 0x0, 0x0, 0x8f, 0xff, 0x10,
    0x8f, 0xff, 0x10, 0x0, 0x0, 0x0, 0xef, 0xf9,
    0x0, 0x1f, 0xff, 0x80, 0x0, 0x0, 0x7, 0xff,
    0xf2, 0x0, 0x9, 0xff, 0xf1, 0x0, 0x0, 0xe,
    0xff, 0xa0, 0x0, 0x2, 0xff, 0xf7, 0x0, 0x0,
    0x6f, 0xff, 0x20, 0x0, 0x0, 0xbf, 0xfe, 0x0,
    0x0, 0xdf, 0xfb, 0x0, 0x0, 0x0, 0x4f, 0xff,
    0x60, 0x5, 0xff, 0xf3, 0x0, 0x0, 0x0, 0xd,
    0xff, 0xd0, 0xd, 0xff, 0xc0, 0x0, 0x0, 0x0,
    0x5, 0xff, 0xf5,

    /* U+0059 "Y" */
    0x1f, 0xff, 0x80, 0x0, 0x0, 0x0, 0x0, 0xdf,
    0xf9, 0xa, 0xff, 0xe0, 0x0, 0x0, 0x0, 0x5,
    0xff, 0xf1, 0x2, 0xff, 0xf6, 0x0, 0x0, 0x0,
    0xc, 0xff, 0x90, 0x0, 0xaf, 0xfd, 0x0, 0x0,
    0x0, 0x3f, 0xff, 0x20, 0x0, 0x3f, 0xff, 0x50,
    0x0, 0x0, 0xaf, 0xfa, 0x0, 0x0, 0xb, 0xff,
    0xc0, 0x0, 0x1, 0xff, 0xf2, 0x0, 0x0, 0x4,
    0xff, 0xf3, 0x0, 0x8, 0xff, 0xb0, 0x0, 0x0,
    0x0, 0xcf, 0xfa, 0x0, 0xf, 0xff, 0x30, 0x0,
    0x0, 0x0, 0x5f, 0xff, 0x20, 0x7f, 0xfb, 0x0,
    0x0, 0x0, 0x0, 0xd, 0xff, 0x90, 0xef, 0xf4,
    0x0, 0x0, 0x0, 0x0, 0x6, 0xff, 0xf6, 0xff,
    0xc0, 0x0, 0x0, 0x0, 0x0, 0x0, 0xef, 0xff,
    0xff, 0x40, 0x0, 0x0, 0x0, 0x0, 0x0, 0x7f,
    0xff, 0xfd, 0x0, 0x0, 0x0, 0x0, 0x0, 0x0,
    0xe, 0xff, 0xf5, 0x0, 0x0, 0x0, 0x0, 0x0,
    0x0, 0x9, 0xff, 0xe0, 0x0, 0x0, 0x0, 0x0,
    0x0, 0x0, 0x8, 0xff, 0xe0, 0x0, 0x0, 0x0,
    0x0, 0x0, 0x0, 0x8, 0xff, 0xe0, 0x0, 0x0,
    0x0, 0x0, 0x0, 0x0, 0x8, 0xff, 0xe0, 0x0,
    0x0, 0x0, 0x0, 0x0, 0x0, 0x8, 0xff, 0xe0,
    0x0, 0x0, 0x0, 0x0, 0x0, 0x0, 0x8, 0xff,
    0xe0, 0x0, 0x0, 0x0, 0x0, 0x0, 0x0, 0x8,
    0xff, 0xe0, 0x0, 0x0, 0x0, 0x0, 0x0, 0x0,
    0x8, 0xff, 0xe0, 0x0, 0x0, 0x0, 0x0, 0x0,
    0x0, 0x8, 0xff, 0xe0, 0x0, 0x0, 0x0, 0x0,
    0x0, 0x0, 0x8, 0xff, 0xe0, 0x0, 0x0, 0x0,
    0x0, 0x0, 0x0, 0x8, 0xff, 0xe0, 0x0, 0x0,
    0x0, 0x0, 0x0, 0x0, 0x8, 0xff, 0xe0, 0x0,
    0x0, 0x0, 0x0, 0x0, 0x0, 0x8, 0xff, 0xe0,
    0x0, 0x0, 0x0,

    /* U+005A "Z" */
    0xd, 0xff, 0xff, 0xff, 0xff, 0xff, 0xff, 0x20,
    0xdf, 0xff, 0xff, 0xff, 0xff, 0xff, 0xf2, 0xa,
    0xdd, 0xdd, 0xdd, 0xdd, 0xdf, 0xff, 0x20, 0x0,
    0x0, 0x0, 0x0, 0xa, 0xff, 0xf1, 0x0, 0x0,
    0x0, 0x0, 0x2, 0xff, 0xf9, 0x0, 0x0, 0x0,
    0x0, 0x0, 0xaf, 0xff, 0x10, 0x0, 0x0, 0x0,
    0x0, 0x2f, 0xff, 0x90, 0x0, 0x0, 0x0, 0x0,
    0xa, 0xff, 0xf1, 0x0, 0x0, 0x0, 0x0, 0x2,
    0xff, 0xf9, 0x0, 0x0, 0x0, 0x0, 0x0, 0xaf,
    0xff, 0x10, 0x0, 0x0, 0x0, 0x0, 0x2f, 0xff,
    0x90, 0x0, 0x0, 0x0, 0x0, 0xa, 0xff, 0xf1,
    0x0, 0x0, 0x0, 0x0, 0x2, 0xff, 0xf9, 0x0,
    0x0, 0x0, 0x0, 0x0, 0x9f, 0xff, 0x10, 0x0,
    0x0, 0x0, 0x0, 0x2f, 0xff, 0x90, 0x0, 0x0,
    0x0, 0x0, 0x9, 0xff, 0xf1, 0x0, 0x0, 0x0,
    0x0, 0x2, 0xff, 0xf9, 0x0, 0x0, 0x0, 0x0,
    0x0, 0x9f, 0xff, 0x10, 0x0, 0x0, 0x0, 0x0,
    0x2f, 0xff, 0x90, 0x0, 0x0, 0x0, 0x0, 0x9,
    0xff, 0xf1, 0x0, 0x0, 0x0, 0x0, 0x2, 0xff,
    0xf9, 0x0, 0x0, 0x0, 0x0, 0x0, 0x9f, 0xff,
    0x10, 0x0, 0x0, 0x0, 0x0, 0x2f, 0xff, 0x90,
    0x0, 0x0, 0x0, 0x0, 0x9, 0xff, 0xf2, 0x0,
    0x0, 0x0, 0x0, 0x0, 0xbf, 0xff, 0xdd, 0xdd,
    0xdd, 0xdd, 0xd9, 0xb, 0xff, 0xff, 0xff, 0xff,
    0xff, 0xff, 0xc0, 0xbf, 0xff, 0xff, 0xff, 0xff,
    0xff, 0xfc, 0x0,

    /* U+005B "[" */
    0x9d, 0xdd, 0xdd, 0xdd, 0x3b, 0xff, 0xff, 0xff,
    0xf4, 0xbf, 0xff, 0xff, 0xff, 0x4b, 0xff, 0x50,
    0x0, 0x0, 0xbf, 0xf5, 0x0, 0x0, 0xb, 0xff,
    0x50, 0x0, 0x0, 0xbf, 0xf5, 0x0, 0x0, 0xb,
    0xff, 0x50, 0x0, 0x0, 0xbf, 0xf5, 0x0, 0x0,
    0xb, 0xff, 0x50, 0x0, 0x0, 0xbf, 0xf5, 0x0,
    0x0, 0xb, 0xff, 0x50, 0x0, 0x0, 0xbf, 0xf5,
    0x0, 0x0, 0xb, 0xff, 0x50, 0x0, 0x0, 0xbf,
    0xf5, 0x0, 0x0, 0xb, 0xff, 0x50, 0x0, 0x0,
    0xbf, 0xf5, 0x0, 0x0, 0xb, 0xff, 0x50, 0x0,
    0x0, 0xbf, 0xf5, 0x0, 0x0, 0xb, 0xff, 0x50,
    0x0, 0x0, 0xbf, 0xf5, 0x0, 0x0, 0xb, 0xff,
    0x50, 0x0, 0x0, 0xbf, 0xf5, 0x0, 0x0, 0xb,
    0xff, 0x50, 0x0, 0x0, 0xbf, 0xf5, 0x0, 0x0,
    0xb, 0xff, 0x50, 0x0, 0x0, 0xbf, 0xf5, 0x0,
    0x0, 0xb, 0xff, 0x50, 0x0, 0x0, 0xbf, 0xf5,
    0x0, 0x0, 0xb, 0xff, 0x50, 0x0, 0x0, 0xbf,
    0xf5, 0x0, 0x0, 0xb, 0xff, 0x50, 0x0, 0x0,
    0xbf, 0xf5, 0x0, 0x0, 0xb, 0xff, 0xed, 0xdd,
    0xd3, 0xbf, 0xff, 0xff, 0xff, 0x4b, 0xff, 0xff,
    0xff, 0xf4,

    /* U+005C "\\" */
    0xe, 0xff, 0x40, 0x0, 0x0, 0x0, 0x0, 0x0,
    0x0, 0x8, 0xff, 0xa0, 0x0, 0x0, 0x0, 0x0,
    0x0, 0x0, 0x2, 0xff, 0xf1, 0x0, 0x0, 0x0,
    0x0, 0x0, 0x0, 0x0, 0xbf, 0xf7, 0x0, 0x0,
    0x0, 0x0, 0x0, 0x0, 0x0, 0x5f, 0xfd, 0x0,
    0x0, 0x0, 0x0, 0x0, 0x0, 0x0, 0xe, 0xff,
    0x30, 0x0, 0x0, 0x0, 0x0, 0x0, 0x0, 0x9,
    0xff, 0x90, 0x0, 0x0, 0x0, 0x0, 0x0, 0x0,
    0x3, 0xff, 0xf0, 0x0, 0x0, 0x0, 0x0, 0x0,
    0x0, 0x0, 0xdf, 0xf6, 0x0, 0x0, 0x0, 0x0,
    0x0, 0x0, 0x0, 0x6f, 0xfc, 0x0, 0x0, 0x0,
    0x0, 0x0, 0x0, 0x0, 0x1f, 0xff, 0x20, 0x0,
    0x0, 0x0, 0x0, 0x0, 0x0, 0xa, 0xff, 0x80,
    0x0, 0x0, 0x0, 0x0, 0x0, 0x0, 0x4, 0xff,
    0xe0, 0x0, 0x0, 0x0, 0x0, 0x0, 0x0, 0x0,
    0xdf, 0xf4, 0x0, 0x0, 0x0, 0x0, 0x0, 0x0,
    0x0, 0x7f, 0xfb, 0x0, 0x0, 0x0, 0x0, 0x0,
    0x0, 0x0, 0x1f, 0xff, 0x10, 0x0, 0x0, 0x0,
    0x0, 0x0, 0x0, 0xb, 0xff, 0x70, 0x0, 0x0,
    0x0, 0x0, 0x0, 0x0, 0x5, 0xff, 0xd0, 0x0,
    0x0, 0x0, 0x0, 0x0, 0x0, 0x0, 0xef, 0xf3,
    0x0, 0x0, 0x0, 0x0, 0x0, 0x0, 0x0, 0x9f,
    0xfa, 0x0, 0x0, 0x0, 0x0, 0x0, 0x0, 0x0,
    0x2f, 0xff, 0x0, 0x0, 0x0, 0x0, 0x0, 0x0,
    0x0, 0xc, 0xff, 0x60, 0x0, 0x0, 0x0, 0x0,
    0x0, 0x0, 0x6, 0xff, 0xc0, 0x0, 0x0, 0x0,
    0x0, 0x0, 0x0, 0x0, 0xff, 0xf2, 0x0, 0x0,
    0x0, 0x0, 0x0, 0x0, 0x0, 0xaf, 0xf9, 0x0,
    0x0, 0x0, 0x0, 0x0, 0x0, 0x0, 0x3f, 0xfe,
    0x0, 0x0, 0x0, 0x0, 0x0, 0x0, 0x0, 0xd,
    0xff, 0x50, 0x0, 0x0, 0x0, 0x0, 0x0, 0x0,
    0x7, 0xff, 0xb0, 0x0, 0x0, 0x0, 0x0, 0x0,
    0x0, 0x1, 0xff, 0xf1, 0x0, 0x0, 0x0, 0x0,
    0x0, 0x0, 0x0, 0xbf, 0xf7, 0x0, 0x0, 0x0,
    0x0, 0x0, 0x0, 0x0, 0x5f, 0xfe, 0x0, 0x0,
    0x0, 0x0, 0x0, 0x0, 0x0, 0xe, 0xff, 0x40,
    0x0, 0x0, 0x0, 0x0, 0x0, 0x0, 0x8, 0xff,
    0xa0, 0x0, 0x0, 0x0, 0x0, 0x0, 0x0, 0x2,
    0xff, 0xf1, 0x0, 0x0, 0x0, 0x0, 0x0, 0x0,
    0x0, 0xcf, 0xf6,

    /* U+005D "]" */
    0x9d, 0xdd, 0xdd, 0xdd, 0x3b, 0xff, 0xff, 0xff,
    0xf4, 0xbf, 0xff, 0xff, 0xff, 0x40, 0x0, 0x0,
    0xcf, 0xf4, 0x0, 0x0, 0xc, 0xff, 0x40, 0x0,
    0x0, 0xcf, 0xf4, 0x0, 0x0, 0xc, 0xff, 0x40,
    0x0, 0x0, 0xcf, 0xf4, 0x0, 0x0, 0xc, 0xff,
    0x40, 0x0, 0x0, 0xcf, 0xf4, 0x0, 0x0, 0xc,
    0xff, 0x40, 0x0, 0x0, 0xcf, 0xf4, 0x0, 0x0,
    0xc, 0xff, 0x40, 0x0, 0x0, 0xcf, 0xf4, 0x0,
    0x0, 0xc, 0xff, 0x40, 0x0, 0x0, 0xcf, 0xf4,
    0x0, 0x0, 0xc, 0xff, 0x40, 0x0, 0x0, 0xcf,
    0xf4, 0x0, 0x0, 0xc, 0xff, 0x40, 0x0, 0x0,
    0xcf, 0xf4, 0x0, 0x0, 0xc, 0xff, 0x40, 0x0,
    0x0, 0xcf, 0xf4, 0x0, 0x0, 0xc, 0xff, 0x40,
    0x0, 0x0, 0xcf, 0xf4, 0x0, 0x0, 0xc, 0xff,
    0x40, 0x0, 0x0, 0xcf, 0xf4, 0x0, 0x0, 0xc,
    0xff, 0x40, 0x0, 0x0, 0xcf, 0xf4, 0x0, 0x0,
    0xc, 0xff, 0x40, 0x0, 0x0, 0xcf, 0xf4, 0x0,
    0x0, 0xc, 0xff, 0x40, 0x0, 0x0, 0xcf, 0xf4,
    0x0, 0x0, 0xc, 0xff, 0x4a, 0xdd, 0xdd, 0xff,
    0xf4, 0xbf, 0xff, 0xff, 0xff, 0x4b, 0xff, 0xff,
    0xff, 0xf4,

    /* U+005E "^" */
    0x0, 0x0, 0x1, 0xff, 0xff, 0xb0, 0x0, 0x0,
    0x0, 0x0, 0x7, 0xff, 0xff, 0xf1, 0x0, 0x0,
    0x0, 0x0, 0xd, 0xff, 0xcf, 0xf8, 0x0, 0x0,
    0x0, 0x0, 0x4f, 0xfe, 0x3f, 0xfe, 0x0, 0x0,
    0x0, 0x0, 0xbf, 0xf7, 0xd, 0xff, 0x50, 0x0,
    0x0, 0x2, 0xff, 0xf1, 0x7, 0xff, 0xb0, 0x0,
    0x0, 0x9, 0xff, 0xa0, 0x1, 0xff, 0xf2, 0x0,
    0x0, 0xf, 0xff, 0x40, 0x0, 0xbf, 0xf8, 0x0,
    0x0, 0x6f, 0xfd, 0x0, 0x0, 0x5f, 0xfe, 0x0,
    0x0, 0xdf, 0xf7, 0x0, 0x0, 0xe, 0xff, 0x50,
    0x3, 0xff, 0xf1, 0x0, 0x0, 0x9, 0xff, 0xc0,
    0xa, 0xff, 0xa0, 0x0, 0x0, 0x3, 0xff, 0xf2,
    0x1f, 0xff, 0x30, 0x0, 0x0, 0x0, 0xdf, 0xf9,

    /* U+005F "_" */
    0x4d, 0xdd, 0xdd, 0xdd, 0xdd, 0xdd, 0xdd, 0xdd,
    0xdd, 0xdb, 0x5f, 0xff, 0xff, 0xff, 0xff, 0xff,
    0xff, 0xff, 0xff, 0xfd, 0x5f, 0xff, 0xff, 0xff,
    0xff, 0xff, 0xff, 0xff, 0xff, 0xfd,

    /* U+0060 "`" */
    0x5f, 0xff, 0x80, 0x0, 0x0, 0x6f, 0xff, 0x50,
    0x0, 0x0, 0x7f, 0xff, 0x20, 0x0, 0x0, 0x9f,
    0xfd, 0x0, 0x0, 0x0, 0xaf, 0xfb, 0x0,

    /* U+0061 "a" */
    0x0, 0xff, 0xff, 0xff, 0xfd, 0x92, 0x0, 0x0,
    0x0, 0xff, 0xff, 0xff, 0xff, 0xff, 0x70, 0x0,
    0x0, 0xcd, 0xdd, 0xdd, 0xef, 0xff, 0xf3, 0x0,
    0x0, 0x0, 0x0, 0x0, 0x2, 0xdf, 0xfa, 0x0,
    0x0, 0x0, 0x0, 0x0, 0x0, 0x5f, 0xfe, 0x0,
    0x0, 0x0, 0x0, 0x0, 0x0, 0x3f, 0xff, 0x0,
    0x0, 0x0, 0x0, 0x0, 0x0, 0x3f, 0xff, 0x0,
    0x0, 0x6, 0xac, 0xdd, 0xdd, 0xdf, 0xff, 0x0,
    0x1, 0xcf, 0xff, 0xff, 0xff, 0xff, 0xff, 0x0,
    0xa, 0xff, 0xff, 0xff, 0xff, 0xff, 0xff, 0x0,
    0x1f, 0xff, 0xa1, 0x0, 0x0, 0x3f, 0xff, 0x0,
    0x5f, 0xfe, 0x0, 0x0, 0x0, 0x3f, 0xff, 0x0,
    0x6f, 0xfc, 0x0, 0x0, 0x0, 0x3f, 0xff, 0x0,
    0x7f, 0xfc, 0x0, 0x0, 0x0, 0x3f, 0xff, 0x0,
    0x6f, 0xfc, 0x0, 0x0, 0x0, 0x3f, 0xff, 0x0,
    0x4f, 0xff, 0x10, 0x0, 0x0, 0x6f, 0xff, 0x20,
    0xf, 0xff, 0xea, 0xaa, 0xab, 0xff, 0xff, 0xea,
    0x6, 0xff, 0xff, 0xff, 0xff, 0xff, 0xff, 0xff,
    0x0, 0x4a, 0xef, 0xff, 0xff, 0xc3, 0x7e, 0xff,

    /* U+0062 "b" */
    0xbf, 0xf8, 0x0, 0x0, 0x0, 0x0, 0x0, 0xb,
    0xff, 0x80, 0x0, 0x0, 0x0, 0x0, 0x0, 0xbf,
    0xf8, 0x0, 0x0, 0x0, 0x0, 0x0, 0xb, 0xff,
    0x80, 0x0, 0x0, 0x0, 0x0, 0x0, 0xbf, 0xf8,
    0x0, 0x0, 0x0, 0x0, 0x0, 0xb, 0xff, 0x80,
    0x0, 0x0, 0x0, 0x0, 0x0, 0xbf, 0xf8, 0x0,
    0x0, 0x0, 0x0, 0x0, 0xb, 0xff, 0x80, 0x0,
    0x0, 0x0, 0x0, 0x0, 0xbf, 0xfb, 0xae, 0xff,
    0xfd, 0xa4, 0x0, 0xb, 0xff, 0xff, 0xff, 0xff,
    0xff, 0xfa, 0x0, 0xbf, 0xff, 0xfe, 0xdd, 0xef,
    0xff, 0xf7, 0xb, 0xff, 0xf4, 0x0, 0x0, 0x1c,
    0xff, 0xd0, 0xbf, 0xfa, 0x0, 0x0, 0x0, 0x2f,
    0xff, 0x1b, 0xff, 0x80, 0x0, 0x0, 0x0, 0xff,
    0xf2, 0xbf, 0xf8, 0x0, 0x0, 0x0, 0xf, 0xff,
    0x3b, 0xff, 0x80, 0x0, 0x0, 0x0, 0xff, 0xf3,
    0xbf, 0xf8, 0x0, 0x0, 0x0, 0xf, 0xff, 0x3b,
    0xff, 0x80, 0x0, 0x0, 0x0, 0xff, 0xf3, 0xbf,
    0xf8, 0x0, 0x0, 0x0, 0xf, 0xff, 0x3b, 0xff,
    0x80, 0x0, 0x0, 0x0, 0xff, 0xf3, 0xbf, 0xf8,
    0x0, 0x0, 0x0, 0xf, 0xff, 0x3b, 0xff, 0x80,
    0x0, 0x0, 0x0, 0xff, 0xf2, 0xbf, 0xf8, 0x0,
    0x0, 0x0, 0x2f, 0xff, 0x1b, 0xff, 0x80, 0x0,
    0x0, 0x1c, 0xff, 0xd0, 0xbf, 0xfe, 0xdd, 0xdd,
    0xef, 0xff, 0xf6, 0xb, 0xff, 0xff, 0xff, 0xff,
    0xff, 0xfa, 0x0, 0xbf, 0xff, 0xff, 0xff, 0xfd,
    0xa4, 0x0, 0x0,

    /* U+0063 "c" */
    0x0, 0x5, 0xbe, 0xff, 0xff, 0xfe, 0x0, 0xcf,
    0xff, 0xff, 0xff, 0xfe, 0xa, 0xff, 0xff, 0xdd,
    0xdd, 0xdc, 0x1f, 0xff, 0x90, 0x0, 0x0, 0x0,
    0x4f, 0xfe, 0x0, 0x0, 0x0, 0x0, 0x6f, 0xfc,
    0x0, 0x0, 0x0, 0x0, 0x6f, 0xfc, 0x0, 0x0,
    0x0, 0x0, 0x7f, 0xfc, 0x0, 0x0, 0x0, 0x0,
    0x7f, 0xfc, 0x0, 0x0, 0x0, 0x0, 0x7f, 0xfc,
    0x0, 0x0, 0x0, 0x0, 0x7f, 0xfc, 0x0, 0x0,
    0x0, 0x0, 0x7f, 0xfc, 0x0, 0x0, 0x0, 0x0,
    0x6f, 0xfc, 0x0, 0x0, 0x0, 0x0, 0x6f, 0xfc,
    0x0, 0x0, 0x0, 0x0, 0x5f, 0xfe, 0x0, 0x0,
    0x0, 0x0, 0x1f, 0xff, 0x90, 0x0, 0x0, 0x0,
    0xa, 0xff, 0xff, 0xdd, 0xdd, 0xdc, 0x1, 0xdf,
    0xff, 0xff, 0xff, 0xfe, 0x0, 0x6, 0xbe, 0xff,
    0xff, 0xfe,

    /* U+0064 "d" */
    0x0, 0x0, 0x0, 0x0, 0x0, 0xf, 0xff, 0x40,
    0x0, 0x0, 0x0, 0x0, 0x0, 0xff, 0xf4, 0x0,
    0x0, 0x0, 0x0, 0x0, 0xf, 0xff, 0x40, 0x0,
    0x0, 0x0, 0x0, 0x0, 0xff, 0xf4, 0x0, 0x0,
    0x0, 0x0, 0x0, 0xf, 0xff, 0x40, 0x0, 0x0,
    0x0, 0x0, 0x0, 0xff, 0xf4, 0x0, 0x0, 0x0,
    0x0, 0x0, 0xf, 0xff, 0x40, 0x0, 0x0, 0x0,
    0x0, 0x0, 0xff, 0xf4, 0x0, 0x18, 0xce, 0xff,
    0xff, 0xff, 0xff, 0x40, 0x4f, 0xff, 0xff, 0xff,
    0xff, 0xff, 0xf4, 0x1f, 0xff, 0xff, 0xdd, 0xdd,
    0xdf, 0xff, 0x47, 0xff, 0xf4, 0x0, 0x0, 0x0,
    0xff, 0xf4, 0xaf, 0xf9, 0x0, 0x0, 0x0, 0xf,
    0xff, 0x4c, 0xff, 0x60, 0x0, 0x0, 0x0, 0xff,
    0xf4, 0xcf, 0xf6, 0x0, 0x0, 0x0, 0xf, 0xff,
    0x4d, 0xff, 0x60, 0x0, 0x0, 0x0, 0xff, 0xf4,
    0xdf, 0xf6, 0x0, 0x0, 0x0, 0xf, 0xff, 0x4d,
    0xff, 0x60, 0x0, 0x0, 0x0, 0xff, 0xf4, 0xdf,
    0xf6, 0x0, 0x0, 0x0, 0xf, 0xff, 0x4d, 0xff,
    0x60, 0x0, 0x0, 0x0, 0xff, 0xf4, 0xcf, 0xf6,
    0x0, 0x0, 0x0, 0xf, 0xff, 0x4c, 0xff, 0x60,
    0x0, 0x0, 0x0, 0xff, 0xf4, 0xaf, 0xf9, 0x0,
    0x0, 0x0, 0xf, 0xff, 0x47, 0xff, 0xf4, 0x0,
    0x0, 0xa, 0xff, 0xf4, 0x1f, 0xff, 0xff, 0xdd,
    0xdf, 0xff, 0xff, 0x40, 0x4f, 0xff, 0xff, 0xff,
    0xff, 0xff, 0xf4, 0x0, 0x28, 0xce, 0xff, 0xfd,
    0x7c, 0xff, 0x40,

    /* U+0065 "e" */
    0x0, 0x17, 0xce, 0xff, 0xfe, 0xb4, 0x0, 0x2,
    0xef, 0xff, 0xff, 0xff, 0xff, 0x70, 0xb, 0xff,
    0xff, 0xdd, 0xdf, 0xff, 0xf2, 0x1f, 0xff, 0x70,
    0x0, 0x2, 0xdf, 0xf9, 0x4f, 0xfe, 0x0, 0x0,
    0x0, 0x5f, 0xfc, 0x6f, 0xfc, 0x0, 0x0, 0x0,
    0x4f, 0xfe, 0x6f, 0xfc, 0x0, 0x0, 0x0, 0x4f,
    0xfe, 0x6f, 0xfc, 0x0, 0x0, 0x0, 0x4f, 0xfe,
    0x6f, 0xff, 0xff, 0xff, 0xff, 0xff, 0xfe, 0x6f,
    0xff, 0xff, 0xff, 0xff, 0xff, 0xfe, 0x6f, 0xff,
    0xdd, 0xdd, 0xdd, 0xdd, 0xdc, 0x6f, 0xfc, 0x0,
    0x0, 0x0, 0x0, 0x0, 0x6f, 0xfc, 0x0, 0x0,
    0x0, 0x0, 0x0, 0x6f, 0xfc, 0x0, 0x0, 0x0,
    0x0, 0x0, 0x4f, 0xfe, 0x0, 0x0, 0x0, 0x0,
    0x0, 0x1f, 0xff, 0x90, 0x0, 0x0, 0x0, 0x0,
    0xa, 0xff, 0xff, 0xdd, 0xdd, 0xdd, 0x90, 0x1,
    0xcf, 0xff, 0xff, 0xff, 0xff, 0xb0, 0x0, 0x6,
    0xbe, 0xff, 0xff, 0xff, 0xb0,

    /* U+0066 "f" */
    0x0, 0x0, 0x3, 0xbf, 0xff, 0xff, 0xfb, 0x0,
    0x0, 0x2f, 0xff, 0xff, 0xff, 0xfb, 0x0, 0x0,
    0xaf, 0xff, 0xdd, 0xdd, 0xd9, 0x0, 0x0, 0xff,
    0xf6, 0x0, 0x0, 0x0, 0x0, 0x0, 0xff, 0xf3,
    0x0, 0x0, 0x0, 0x0, 0x0, 0xff, 0xf3, 0x0,
    0x0, 0x0, 0x0, 0x0, 0xff, 0xf3, 0x0, 0x0,
    0x0, 0x0, 0x0, 0xff, 0xf3, 0x0, 0x0, 0x0,
    0x3f, 0xff, 0xff, 0xff, 0xff, 0xff, 0xf5, 0x3f,
    0xff, 0xff, 0xff, 0xff, 0xff, 0xf5, 0x3d, 0xdd,
    0xff, 0xfe, 0xdd, 0xdd, 0xd4, 0x0, 0x0, 0xff,
    0xf3, 0x0, 0x0, 0x0, 0x0, 0x0, 0xff, 0xf3,
    0x0, 0x0, 0x0, 0x0, 0x0, 0xff, 0xf3, 0x0,
    0x0, 0x0, 0x0, 0x0, 0xff, 0xf3, 0x0, 0x0,
    0x0, 0x0, 0x0, 0xff, 0xf3, 0x0, 0x0, 0x0,
    0x0, 0x0, 0xff, 0xf3, 0x0, 0x0, 0x0, 0x0,
    0x0, 0xff, 0xf3, 0x0, 0x0, 0x0, 0x0, 0x0,
    0xff, 0xf3, 0x0, 0x0, 0x0, 0x0, 0x0, 0xff,
    0xf3, 0x0, 0x0, 0x0, 0x0, 0x0, 0xff, 0xf3,
    0x0, 0x0, 0x0, 0x0, 0x0, 0xff, 0xf3, 0x0,
    0x0, 0x0, 0x0, 0x0, 0xff, 0xf3, 0x0, 0x0,
    0x0, 0x0, 0x0, 0xff, 0xf3, 0x0, 0x0, 0x0,
    0x3d, 0xdd, 0xff, 0xfe, 0xdd, 0xda, 0x0, 0x3f,
    0xff, 0xff, 0xff, 0xff, 0xfd, 0x0, 0x3f, 0xff,
    0xff, 0xff, 0xff, 0xfd, 0x0,

    /* U+0067 "g" */
    0x0, 0x4, 0xad, 0xff, 0xff, 0xff, 0xff, 0xf2,
    0x0, 0xaf, 0xff, 0xff, 0xff, 0xff, 0xff, 0xf2,
    0x7, 0xff, 0xff, 0xed, 0xdd, 0xdd, 0xff, 0xf2,
    0xe, 0xff, 0xb1, 0x0, 0x0, 0x0, 0xff, 0xf2,
    0x2f, 0xff, 0x10, 0x0, 0x0, 0x0, 0xff, 0xf2,
    0x3f, 0xff, 0x0, 0x0, 0x0, 0x0, 0xff, 0xf2,
    0x4f, 0xff, 0x0, 0x0, 0x0, 0x0, 0xff, 0xf2,
    0x3f, 0xff, 0x0, 0x0, 0x0, 0x0, 0xff, 0xf1,
    0x1f, 0xff, 0x20, 0x0, 0x0, 0x4, 0xff, 0xf0,
    0xd, 0xff, 0xc3, 0x0, 0x0, 0x3e, 0xff, 0xb0,
    0x6, 0xff, 0xff, 0xff, 0xff, 0xff, 0xff, 0x30,
    0x0, 0x8f, 0xff, 0xff, 0xff, 0xff, 0xf5, 0x0,
    0x0, 0xc, 0xff, 0xed, 0xdd, 0xc8, 0x10, 0x0,
    0x0, 0xc, 0xff, 0x70, 0x0, 0x0, 0x0, 0x0,
    0x0, 0xc, 0xff, 0xed, 0xdd, 0xca, 0x61, 0x0,
    0x0, 0xc, 0xff, 0xff, 0xff, 0xff, 0xfe, 0x40,
    0x0, 0xc, 0xff, 0xff, 0xff, 0xff, 0xff, 0xf1,
    0x0, 0x0, 0x0, 0x0, 0x0, 0x16, 0xff, 0xf7,
    0x0, 0x0, 0x0, 0x0, 0x0, 0x0, 0x9f, 0xfa,
    0x0, 0x0, 0x0, 0x0, 0x0, 0x0, 0x7f, 0xfb,
    0x0, 0x0, 0x0, 0x0, 0x0, 0x0, 0x8f, 0xfb,
    0x0, 0x0, 0x0, 0x0, 0x0, 0x3, 0xef, 0xf8,
    0x6, 0xdd, 0xdd, 0xdd, 0xdd, 0xef, 0xff, 0xf2,
    0x8, 0xff, 0xff, 0xff, 0xff, 0xff, 0xff, 0x60,
    0x8, 0xff, 0xff, 0xff, 0xff, 0xfd, 0x92, 0x0,

    /* U+0068 "h" */
    0xbf, 0xf8, 0x0, 0x0, 0x0, 0x0, 0x0, 0xb,
    0xff, 0x80, 0x0, 0x0, 0x0, 0x0, 0x0, 0xbf,
    0xf8, 0x0, 0x0, 0x0, 0x0, 0x0, 0xb, 0xff,
    0x80, 0x0, 0x0, 0x0, 0x0, 0x0, 0xbf, 0xf8,
    0x0, 0x0, 0x0, 0x0, 0x0, 0xb, 0xff, 0x80,
    0x0, 0x0, 0x0, 0x0, 0x0, 0xbf, 0xf8, 0x0,
    0x0, 0x0, 0x0, 0x0, 0xb, 0xff, 0x80, 0x0,
    0x0, 0x0, 0x0, 0x0, 0xbf, 0xfb, 0xae, 0xff,
    0xfe, 0xb5, 0x0, 0xb, 0xff, 0xff, 0xff, 0xff,
    0xff, 0xfa, 0x0, 0xbf, 0xff, 0xfe, 0xdd, 0xdf,
    0xff, 0xf7, 0xb, 0xff, 0xf4, 0x0, 0x0, 0x1b,
    0xff, 0xd0, 0xbf, 0xfa, 0x0, 0x0, 0x0, 0x2f,
    0xff, 0x1b, 0xff, 0x80, 0x0, 0x0, 0x0, 0xff,
    0xf2, 0xbf, 0xf8, 0x0, 0x0, 0x0, 0xf, 0xff,
    0x3b, 0xff, 0x80, 0x0, 0x0, 0x0, 0xff, 0xf3,
    0xbf, 0xf8, 0x0, 0x0, 0x0, 0xf, 0xff, 0x3b,
    0xff, 0x80, 0x0, 0x0, 0x0, 0xff, 0xf3, 0xbf,
    0xf8, 0x0, 0x0, 0x0, 0xf, 0xff, 0x3b, 0xff,
    0x80, 0x0, 0x0, 0x0, 0xff, 0xf3, 0xbf, 0xf8,
    0x0, 0x0, 0x0, 0xf, 0xff, 0x3b, 0xff, 0x80,
    0x0, 0x0, 0x0, 0xff, 0xf3, 0xbf, 0xf8, 0x0,
    0x0, 0x0, 0xf, 0xff, 0x3b, 0xff, 0x80, 0x0,
    0x0, 0x0, 0xff, 0xf3, 0xbf, 0xf8, 0x0, 0x0,
    0x0, 0xf, 0xff, 0x3b, 0xff, 0x80, 0x0, 0x0,
    0x0, 0xff, 0xf3, 0xbf, 0xf8, 0x0, 0x0, 0x0,
    0xf, 0xff, 0x30,

    /* U+0069 "i" */
    0x0, 0x0, 0x9, 0xff, 0xf0, 0x0, 0x0, 0x0,
    0x0, 0x0, 0x9f, 0xff, 0x0, 0x0, 0x0, 0x0,
    0x0, 0x9, 0xff, 0xf0, 0x0, 0x0, 0x0, 0x0,
    0x0, 0x36, 0x66, 0x0, 0x0, 0x0, 0x0, 0x0,
    0x0, 0x0, 0x0, 0x0, 0x0, 0x0, 0x0, 0x0,
    0x0, 0x0, 0x0, 0x0, 0x0, 0x0, 0x0, 0x0,
    0x0, 0x0, 0x0, 0x0, 0x0, 0x0, 0x0, 0x0,
    0x0, 0x0, 0x0, 0x0, 0xff, 0xff, 0xff, 0xff,
    0xd0, 0x0, 0x0, 0xf, 0xff, 0xff, 0xff, 0xfd,
    0x0, 0x0, 0x0, 0xcd, 0xdd, 0xde, 0xff, 0xd0,
    0x0, 0x0, 0x0, 0x0, 0x0, 0x6f, 0xfd, 0x0,
    0x0, 0x0, 0x0, 0x0, 0x6, 0xff, 0xd0, 0x0,
    0x0, 0x0, 0x0, 0x0, 0x6f, 0xfd, 0x0, 0x0,
    0x0, 0x0, 0x0, 0x6, 0xff, 0xd0, 0x0, 0x0,
    0x0, 0x0, 0x0, 0x6f, 0xfd, 0x0, 0x0, 0x0,
    0x0, 0x0, 0x6, 0xff, 0xd0, 0x0, 0x0, 0x0,
    0x0, 0x0, 0x6f, 0xfd, 0x0, 0x0, 0x0, 0x0,
    0x0, 0x6, 0xff, 0xd0, 0x0, 0x0, 0x0, 0x0,
    0x0, 0x6f, 0xfd, 0x0, 0x0, 0x0, 0x0, 0x0,
    0x6, 0xff, 0xd0, 0x0, 0x0, 0x0, 0x0, 0x0,
    0x6f, 0xfd, 0x0, 0x0, 0x0, 0x0, 0x0, 0x6,
    0xff, 0xd0, 0x0, 0x0, 0x0, 0x0, 0x0, 0x6f,
    0xfd, 0x0, 0x0, 0x0, 0x0, 0x0, 0x6, 0xff,
    0xfd, 0xdd, 0xdd, 0x60, 0x0, 0x0, 0x6f, 0xff,
    0xff, 0xff, 0xf7, 0x0, 0x0, 0x6, 0xff, 0xff,
    0xff, 0xff, 0x70,

    /* U+006A "j" */
    0x0, 0x0, 0x0, 0x5f, 0xff, 0x40, 0x0, 0x0,
    0x5, 0xff, 0xf4, 0x0, 0x0, 0x0, 0x5f, 0xff,
    0x40, 0x0, 0x0, 0x2, 0x66, 0x61, 0x0, 0x0,
    0x0, 0x0, 0x0, 0x0, 0x0, 0x0, 0x0, 0x0,
    0x0, 0x0, 0x0, 0x0, 0x0, 0x0, 0x0, 0x0,
    0x0, 0x0, 0x0, 0x0, 0xb, 0xff, 0xff, 0xff,
    0xff, 0x20, 0xbf, 0xff, 0xff, 0xff, 0xf2, 0x9,
    0xdd, 0xdd, 0xdf, 0xff, 0x20, 0x0, 0x0, 0x1,
    0xff, 0xf2, 0x0, 0x0, 0x0, 0x1f, 0xff, 0x20,
    0x0, 0x0, 0x1, 0xff, 0xf2, 0x0, 0x0, 0x0,
    0x1f, 0xff, 0x20, 0x0, 0x0, 0x1, 0xff, 0xf2,
    0x0, 0x0, 0x0, 0x1f, 0xff, 0x20, 0x0, 0x0,
    0x1, 0xff, 0xf2, 0x0, 0x0, 0x0, 0x1f, 0xff,
    0x20, 0x0, 0x0, 0x1, 0xff, 0xf2, 0x0, 0x0,
    0x0, 0x1f, 0xff, 0x20, 0x0, 0x0, 0x1, 0xff,
    0xf2, 0x0, 0x0, 0x0, 0x1f, 0xff, 0x20, 0x0,
    0x0, 0x1, 0xff, 0xf2, 0x0, 0x0, 0x0, 0x1f,
    0xff, 0x20, 0x0, 0x0, 0x1, 0xff, 0xf2, 0x0,
    0x0, 0x0, 0x1f, 0xff, 0x20, 0x0, 0x0, 0x1,
    0xff, 0xf2, 0x0, 0x0, 0x0, 0x1f, 0xff, 0x10,
    0x0, 0x0, 0x4, 0xff, 0xf1, 0xad, 0xdd, 0xdd,
    0xff, 0xfd, 0xc, 0xff, 0xff, 0xff, 0xff, 0x50,
    0xcf, 0xff, 0xff, 0xfc, 0x40, 0x0,

    /* U+006B "k" */
    0x5f, 0xfe, 0x0, 0x0, 0x0, 0x0, 0x0, 0x5,
    0xff, 0xe0, 0x0, 0x0, 0x0, 0x0, 0x0, 0x5f,
    0xfe, 0x0, 0x0, 0x0, 0x0, 0x0, 0x5, 0xff,
    0xe0, 0x0, 0x0, 0x0, 0x0, 0x0, 0x5f, 0xfe,
    0x0, 0x0, 0x0, 0x0, 0x0, 0x5, 0xff, 0xe0,
    0x0, 0x0, 0x0, 0x0, 0x0, 0x5f, 0xfe, 0x0,
    0x0, 0x0, 0x0, 0x0, 0x5, 0xff, 0xe0, 0x0,
    0x0, 0x0, 0x0, 0x0, 0x5f, 0xfe, 0x0, 0x0,
    0x9, 0xff, 0xf7, 0x5, 0xff, 0xe0, 0x0, 0x7,
    0xff, 0xf9, 0x0, 0x5f, 0xfe, 0x0, 0x5, 0xff,
    0xfa, 0x0, 0x5, 0xff, 0xe0, 0x4, 0xff, 0xfc,
    0x0, 0x0, 0x5f, 0xfe, 0x2, 0xff, 0xfd, 0x10,
    0x0, 0x5, 0xff, 0xe1, 0xef, 0xfe, 0x20, 0x0,
    0x0, 0x5f, 0xfe, 0xdf, 0xff, 0x30, 0x0, 0x0,
    0x5, 0xff, 0xff, 0xff, 0x70, 0x0, 0x0, 0x0,
    0x5f, 0xff, 0xff, 0xfe, 0x0, 0x0, 0x0, 0x5,
    0xff, 0xff, 0xff, 0xf8, 0x0, 0x0, 0x0, 0x5f,
    0xff, 0x3a, 0xff, 0xf2, 0x0, 0x0, 0x5, 0xff,
    0xe0, 0x1f, 0xff, 0xc0, 0x0, 0x0, 0x5f, 0xfe,
    0x0, 0x7f, 0xff, 0x60, 0x0, 0x5, 0xff, 0xe0,
    0x0, 0xdf, 0xfe, 0x10, 0x0, 0x5f, 0xfe, 0x0,
    0x4, 0xff, 0xfa, 0x0, 0x5, 0xff, 0xe0, 0x0,
    0xa, 0xff, 0xf4, 0x0, 0x5f, 0xfe, 0x0, 0x0,
    0x1f, 0xff, 0xd0, 0x5, 0xff, 0xe0, 0x0, 0x0,
    0x7f, 0xff, 0x80, 0x5f, 0xfe, 0x0, 0x0, 0x0,
    0xdf, 0xff, 0x20,

    /* U+006C "l" */
    0x5f, 0xff, 0xff, 0xff, 0xf7, 0x0, 0x0, 0x0,
    0x5f, 0xff, 0xff, 0xff, 0xf7, 0x0, 0x0, 0x0,
    0x4d, 0xdd, 0xdd, 0xff, 0xf7, 0x0, 0x0, 0x0,
    0x0, 0x0, 0x0, 0xcf, 0xf7, 0x0, 0x0, 0x0,
    0x0, 0x0, 0x0, 0xcf, 0xf7, 0x0, 0x0, 0x0,
    0x0, 0x0, 0x0, 0xcf, 0xf7, 0x0, 0x0, 0x0,
    0x0, 0x0, 0x0, 0xcf, 0xf7, 0x0, 0x0, 0x0,
    0x0, 0x0, 0x0, 0xcf, 0xf7, 0x0, 0x0, 0x0,
    0x0, 0x0, 0x0, 0xcf, 0xf7, 0x0, 0x0, 0x0,
    0x0, 0x0, 0x0, 0xcf, 0xf7, 0x0, 0x0, 0x0,
    0x0, 0x0, 0x0, 0xcf, 0xf7, 0x0, 0x0, 0x0,
    0x0, 0x0, 0x0, 0xcf, 0xf7, 0x0, 0x0, 0x0,
    0x0, 0x0, 0x0, 0xcf, 0xf7, 0x0, 0x0, 0x0,
    0x0, 0x0, 0x0, 0xcf, 0xf7, 0x0, 0x0, 0x0,
    0x0, 0x0, 0x0, 0xcf, 0xf7, 0x0, 0x0, 0x0,
    0x0, 0x0, 0x0, 0xcf, 0xf7, 0x0, 0x0, 0x0,
    0x0, 0x0, 0x0, 0xcf, 0xf7, 0x0, 0x0, 0x0,
    0x0, 0x0, 0x0, 0xcf, 0xf7, 0x0, 0x0, 0x0,
    0x0, 0x0, 0x0, 0xcf, 0xf7, 0x0, 0x0, 0x0,
    0x0, 0x0, 0x0, 0xcf, 0xf7, 0x0, 0x0, 0x0,
    0x0, 0x0, 0x0, 0xcf, 0xf7, 0x0, 0x0, 0x0,
    0x0, 0x0, 0x0, 0xcf, 0xf7, 0x0, 0x0, 0x0,
    0x0, 0x0, 0x0, 0xcf, 0xf7, 0x0, 0x0, 0x0,
    0x0, 0x0, 0x0, 0xbf, 0xf9, 0x0, 0x0, 0x0,
    0x0, 0x0, 0x0, 0x9f, 0xff, 0xed, 0xdd, 0xdb,
    0x0, 0x0, 0x0, 0x3f, 0xff, 0xff, 0xff, 0xfd,
    0x0, 0x0, 0x0, 0x4, 0xcf, 0xff, 0xff, 0xfd,

    /* U+006D "m" */
    0x5f, 0xfa, 0xbf, 0xfd, 0x80, 0x2a, 0xef, 0xea,
    0x10, 0x5f, 0xff, 0xff, 0xff, 0xfc, 0xff, 0xff,
    0xff, 0xe1, 0x5f, 0xff, 0xe9, 0xaf, 0xff, 0xfe,
    0x99, 0xff, 0xf7, 0x5f, 0xff, 0x10, 0x8, 0xff,
    0xf3, 0x0, 0x6f, 0xfb, 0x5f, 0xfb, 0x0, 0x4,
    0xff, 0xd0, 0x0, 0x3f, 0xfd, 0x5f, 0xfa, 0x0,
    0x4, 0xff, 0xc0, 0x0, 0x2f, 0xfe, 0x5f, 0xfa,
    0x0, 0x4, 0xff, 0xc0, 0x0, 0x2f, 0xfe, 0x5f,
    0xfa, 0x0, 0x4, 0xff, 0xc0, 0x0, 0x2f, 0xfe,
    0x5f, 0xfa, 0x0, 0x4, 0xff, 0xc0, 0x0, 0x2f,
    0xfe, 0x5f, 0xfa, 0x0, 0x4, 0xff, 0xc0, 0x0,
    0x2f, 0xfe, 0x5f, 0xfa, 0x0, 0x4, 0xff, 0xc0,
    0x0, 0x2f, 0xfe, 0x5f, 0xfa, 0x0, 0x4, 0xff,
    0xc0, 0x0, 0x2f, 0xfe, 0x5f, 0xfa, 0x0, 0x4,
    0xff, 0xc0, 0x0, 0x2f, 0xfe, 0x5f, 0xfa, 0x0,
    0x4, 0xff, 0xc0, 0x0, 0x2f, 0xfe, 0x5f, 0xfa,
    0x0, 0x4, 0xff, 0xc0, 0x0, 0x2f, 0xfe, 0x5f,
    0xfa, 0x0, 0x4, 0xff, 0xc0, 0x0, 0x2f, 0xfe,
    0x5f, 0xfa, 0x0, 0x4, 0xff, 0xc0, 0x0, 0x2f,
    0xfe, 0x5f, 0xfa, 0x0, 0x4, 0xff, 0xc0, 0x0,
    0x2f, 0xfe, 0x5f, 0xfa, 0x0, 0x4, 0xff, 0xc0,
    0x0, 0x2f, 0xfe,

    /* U+006E "n" */
    0xbf, 0xf8, 0xae, 0xff, 0xfe, 0xb5, 0x0, 0xb,
    0xff, 0xff, 0xff, 0xff, 0xff, 0xfa, 0x0, 0xbf,
    0xff, 0xfe, 0xdd, 0xdf, 0xff, 0xf7, 0xb, 0xff,
    0xf4, 0x0, 0x0, 0x1b, 0xff, 0xd0, 0xbf, 0xfa,
    0x0, 0x0, 0x0, 0x2f, 0xff, 0x1b, 0xff, 0x80,
    0x0, 0x0, 0x0, 0xff, 0xf2, 0xbf, 0xf8, 0x0,
    0x0, 0x0, 0xf, 0xff, 0x3b, 0xff, 0x80, 0x0,
    0x0, 0x0, 0xff, 0xf3, 0xbf, 0xf8, 0x0, 0x0,
    0x0, 0xf, 0xff, 0x3b, 0xff, 0x80, 0x0, 0x0,
    0x0, 0xff, 0xf3, 0xbf, 0xf8, 0x0, 0x0, 0x0,
    0xf, 0xff, 0x3b, 0xff, 0x80, 0x0, 0x0, 0x0,
    0xff, 0xf3, 0xbf, 0xf8, 0x0, 0x0, 0x0, 0xf,
    0xff, 0x3b, 0xff, 0x80, 0x0, 0x0, 0x0, 0xff,
    0xf3, 0xbf, 0xf8, 0x0, 0x0, 0x0, 0xf, 0xff,
    0x3b, 0xff, 0x80, 0x0, 0x0, 0x0, 0xff, 0xf3,
    0xbf, 0xf8, 0x0, 0x0, 0x0, 0xf, 0xff, 0x3b,
    0xff, 0x80, 0x0, 0x0, 0x0, 0xff, 0xf3, 0xbf,
    0xf8, 0x0, 0x0, 0x0, 0xf, 0xff, 0x30,

    /* U+006F "o" */
    0x0, 0x18, 0xce, 0xff, 0xfe, 0xa5, 0x0, 0x0,
    0x4f, 0xff, 0xff, 0xff, 0xff, 0xfb, 0x0, 0x1f,
    0xff, 0xff, 0xdd, 0xef, 0xff, 0xf8, 0x7, 0xff,
    0xf4, 0x0, 0x0, 0x1a, 0xff, 0xf0, 0xbf, 0xf8,
    0x0, 0x0, 0x0, 0x1f, 0xff, 0x3c, 0xff, 0x60,
    0x0, 0x0, 0x0, 0xef, 0xf4, 0xdf, 0xf6, 0x0,
    0x0, 0x0, 0xe, 0xff, 0x5d, 0xff, 0x60, 0x0,
    0x0, 0x0, 0xef, 0xf5, 0xdf, 0xf6, 0x0, 0x0,
    0x0, 0xe, 0xff, 0x5d, 0xff, 0x60, 0x0, 0x0,
    0x0, 0xef, 0xf5, 0xdf, 0xf6, 0x0, 0x0, 0x0,
    0xe, 0xff, 0x5d, 0xff, 0x60, 0x0, 0x0, 0x0,
    0xef, 0xf5, 0xdf, 0xf6, 0x0, 0x0, 0x0, 0xe,
    0xff, 0x5c, 0xff, 0x60, 0x0, 0x0, 0x0, 0xef,
    0xf4, 0xbf, 0xf8, 0x0, 0x0, 0x0, 0x1f, 0xff,
    0x37, 0xff, 0xf4, 0x0, 0x0, 0x1a, 0xff, 0xf0,
    0x1f, 0xff, 0xfe, 0xdd, 0xef, 0xff, 0xf8, 0x0,
    0x4f, 0xff, 0xff, 0xff, 0xff, 0xfb, 0x0, 0x0,
    0x28, 0xce, 0xff, 0xfe, 0xa5, 0x0, 0x0,

    /* U+0070 "p" */
    0xbf, 0xf8, 0xae, 0xff, 0xfd, 0xa4, 0x0, 0xb,
    0xff, 0xff, 0xff, 0xff, 0xff, 0xfa, 0x0, 0xbf,
    0xff, 0xfe, 0xdd, 0xef, 0xff, 0xf7, 0xb, 0xff,
    0xf4, 0x0, 0x0, 0x1c, 0xff, 0xd0, 0xbf, 0xfa,
    0x0, 0x0, 0x0, 0x2f, 0xff, 0x1b, 0xff, 0x80,
    0x0, 0x0, 0x0, 0xff, 0xf2, 0xbf, 0xf8, 0x0,
    0x0, 0x0, 0xf, 0xff, 0x3b, 0xff, 0x80, 0x0,
    0x0, 0x0, 0xff, 0xf3, 0xbf, 0xf8, 0x0, 0x0,
    0x0, 0xf, 0xff, 0x3b, 0xff, 0x80, 0x0, 0x0,
    0x0, 0xff, 0xf3, 0xbf, 0xf8, 0x0, 0x0, 0x0,
    0xf, 0xff, 0x3b, 0xff, 0x80, 0x0, 0x0, 0x0,
    0xff, 0xf3, 0xbf, 0xf8, 0x0, 0x0, 0x0, 0xf,
    0xff, 0x3b, 0xff, 0x80, 0x0, 0x0, 0x0, 0xff,
    0xf2, 0xbf, 0xf8, 0x0, 0x0, 0x0, 0x2f, 0xff,
    0x1b, 0xff, 0x80, 0x0, 0x0, 0x1c, 0xff, 0xd0,
    0xbf, 0xfe, 0xdd, 0xdd, 0xef, 0xff, 0xf6, 0xb,
    0xff, 0xff, 0xff, 0xff, 0xff, 0xfa, 0x0, 0xbf,
    0xff, 0xff, 0xff, 0xfd, 0xa4, 0x0, 0xb, 0xff,
    0x80, 0x0, 0x0, 0x0, 0x0, 0x0, 0xbf, 0xf8,
    0x0, 0x0, 0x0, 0x0, 0x0, 0xb, 0xff, 0x80,
    0x0, 0x0, 0x0, 0x0, 0x0, 0xbf, 0xf8, 0x0,
    0x0, 0x0, 0x0, 0x0, 0xb, 0xff, 0x80, 0x0,
    0x0, 0x0, 0x0, 0x0, 0xbf, 0xf8, 0x0, 0x0,
    0x0, 0x0, 0x0, 0x0,

    /* U+0071 "q" */
    0x0, 0x18, 0xce, 0xff, 0xff, 0xff, 0xff, 0x40,
    0x4f, 0xff, 0xff, 0xff, 0xff, 0xff, 0xf4, 0x1f,
    0xff, 0xff, 0xdd, 0xdd, 0xdf, 0xff, 0x47, 0xff,
    0xf4, 0x0, 0x0, 0x0, 0xff, 0xf4, 0xaf, 0xf9,
    0x0, 0x0, 0x0, 0xf, 0xff, 0x4c, 0xff, 0x60,
    0x0, 0x0, 0x0, 0xff, 0xf4, 0xcf, 0xf6, 0x0,
    0x0, 0x0, 0xf, 0xff, 0x4d, 0xff, 0x60, 0x0,
    0x0, 0x0, 0xff, 0xf4, 0xdf, 0xf6, 0x0, 0x0,
    0x0, 0xf, 0xff, 0x4d, 0xff, 0x60, 0x0, 0x0,
    0x0, 0xff, 0xf4, 0xdf, 0xf6, 0x0, 0x0, 0x0,
    0xf, 0xff, 0x4d, 0xff, 0x60, 0x0, 0x0, 0x0,
    0xff, 0xf4, 0xcf, 0xf6, 0x0, 0x0, 0x0, 0xf,
    0xff, 0x4c, 0xff, 0x60, 0x0, 0x0, 0x0, 0xff,
    0xf4, 0xaf, 0xf9, 0x0, 0x0, 0x0, 0xf, 0xff,
    0x47, 0xff, 0xf4, 0x0, 0x0, 0xa, 0xff, 0xf4,
    0x1f, 0xff, 0xff, 0xdd, 0xdf, 0xff, 0xff, 0x40,
    0x4f, 0xff, 0xff, 0xff, 0xff, 0xff, 0xf4, 0x0,
    0x28, 0xce, 0xff, 0xfd, 0x7f, 0xff, 0x40, 0x0,
    0x0, 0x0, 0x0, 0x0, 0xff, 0xf4, 0x0, 0x0,
    0x0, 0x0, 0x0, 0xf, 0xff, 0x40, 0x0, 0x0,
    0x0, 0x0, 0x0, 0xff, 0xf4, 0x0, 0x0, 0x0,
    0x0, 0x0, 0xf, 0xff, 0x40, 0x0, 0x0, 0x0,
    0x0, 0x0, 0xff, 0xf4, 0x0, 0x0, 0x0, 0x0,
    0x0, 0xf, 0xff, 0x40,

    /* U+0072 "r" */
    0x3f, 0xff, 0xff, 0xa8, 0xdf, 0xff, 0xf9, 0x3f,
    0xff, 0xff, 0xff, 0xff, 0xff, 0xf9, 0x2d, 0xde,
    0xff, 0xff, 0xfd, 0xdd, 0xd7, 0x0, 0x6, 0xff,
    0xfa, 0x0, 0x0, 0x0, 0x0, 0x6, 0xff, 0xf0,
    0x0, 0x0, 0x0, 0x0, 0x6, 0xff, 0xc0, 0x0,
    0x0, 0x0, 0x0, 0x6, 0xff, 0xc0, 0x0, 0x0,
    0x0, 0x0, 0x6, 0xff, 0xc0, 0x0, 0x0, 0x0,
    0x0, 0x6, 0xff, 0xc0, 0x0, 0x0, 0x0, 0x0,
    0x6, 0xff, 0xc0, 0x0, 0x0, 0x0, 0x0, 0x6,
    0xff, 0xc0, 0x0, 0x0, 0x0, 0x0, 0x6, 0xff,
    0xc0, 0x0, 0x0, 0x0, 0x0, 0x6, 0xff, 0xc0,
    0x0, 0x0, 0x0, 0x0, 0x6, 0xff, 0xc0, 0x0,
    0x0, 0x0, 0x0, 0x6, 0xff, 0xc0, 0x0, 0x0,
    0x0, 0x0, 0x6, 0xff, 0xc0, 0x0, 0x0, 0x0,
    0x2d, 0xde, 0xff, 0xfd, 0xdd, 0xc0, 0x0, 0x3f,
    0xff, 0xff, 0xff, 0xff, 0xf0, 0x0, 0x3f, 0xff,
    0xff, 0xff, 0xff, 0xf0, 0x0,

    /* U+0073 "s" */
    0x0, 0x39, 0xdf, 0xff, 0xff, 0xf4, 0x0, 0x6f,
    0xff, 0xff, 0xff, 0xff, 0x40, 0x1f, 0xff, 0xfe,
    0xdd, 0xdd, 0xd3, 0x5, 0xff, 0xf3, 0x0, 0x0,
    0x0, 0x0, 0x7f, 0xfc, 0x0, 0x0, 0x0, 0x0,
    0x8, 0xff, 0xb0, 0x0, 0x0, 0x0, 0x0, 0x7f,
    0xfc, 0x0, 0x0, 0x0, 0x0, 0x5, 0xff, 0xf6,
    0x11, 0x0, 0x0, 0x0, 0x1f, 0xff, 0xff, 0xff,
    0xe9, 0x10, 0x0, 0x7f, 0xff, 0xff, 0xff, 0xfe,
    0x10, 0x0, 0x4b, 0xef, 0xff, 0xff, 0xf9, 0x0,
    0x0, 0x0, 0x0, 0x9, 0xff, 0xe0, 0x0, 0x0,
    0x0, 0x0, 0x3f, 0xff, 0x0, 0x0, 0x0, 0x0,
    0x3, 0xff, 0xf0, 0x0, 0x0, 0x0, 0x0, 0x3f,
    0xff, 0x0, 0x0, 0x0, 0x0, 0x9, 0xff, 0xe0,
    0x4d, 0xdd, 0xdd, 0xdf, 0xff, 0xf9, 0x5, 0xff,
    0xff, 0xff, 0xff, 0xfd, 0x10, 0x5f, 0xff, 0xff,
    0xfe, 0xc7, 0x0, 0x0,

    /* U+0074 "t" */
    0x0, 0x2, 0x88, 0x70, 0x0, 0x0, 0x0, 0x0,
    0x5f, 0xfe, 0x0, 0x0, 0x0, 0x0, 0x5, 0xff,
    0xe0, 0x0, 0x0, 0x0, 0x0, 0x5f, 0xfe, 0x0,
    0x0, 0x0, 0x0, 0x5, 0xff, 0xe0, 0x0, 0x0,
    0xf, 0xff, 0xff, 0xff, 0xff, 0xff, 0xf7, 0xff,
    0xff, 0xff, 0xff, 0xff, 0xff, 0x7c, 0xdd, 0xef,
    0xff, 0xdd, 0xdd, 0xd6, 0x0, 0x5, 0xff, 0xe0,
    0x0, 0x0, 0x0, 0x0, 0x5f, 0xfe, 0x0, 0x0,
    0x0, 0x0, 0x5, 0xff, 0xe0, 0x0, 0x0, 0x0,
    0x0, 0x5f, 0xfe, 0x0, 0x0, 0x0, 0x0, 0x5,
    0xff, 0xe0, 0x0, 0x0, 0x0, 0x0, 0x5f, 0xfe,
    0x0, 0x0, 0x0, 0x0, 0x5, 0xff, 0xe0, 0x0,
    0x0, 0x0, 0x0, 0x5f, 0xfe, 0x0, 0x0, 0x0,
    0x0, 0x5, 0xff, 0xe0, 0x0, 0x0, 0x0, 0x0,
    0x5f, 0xfe, 0x0, 0x0, 0x0, 0x0, 0x5, 0xff,
    0xe0, 0x0, 0x0, 0x0, 0x0, 0x5f, 0xfe, 0x0,
    0x0, 0x0, 0x0, 0x3, 0xff, 0xf2, 0x0, 0x0,
    0x0, 0x0, 0xf, 0xff, 0xfd, 0xdd, 0xd6, 0x0,
    0x0, 0x7f, 0xff, 0xff, 0xff, 0x70, 0x0, 0x0,
    0x6d, 0xff, 0xff, 0xf7,

    /* U+0075 "u" */
    0x7f, 0xfc, 0x0, 0x0, 0x0, 0x4f, 0xff, 0x7f,
    0xfc, 0x0, 0x0, 0x0, 0x4f, 0xff, 0x7f, 0xfc,
    0x0, 0x0, 0x0, 0x4f, 0xff, 0x7f, 0xfc, 0x0,
    0x0, 0x0, 0x4f, 0xff, 0x7f, 0xfc, 0x0, 0x0,
    0x0, 0x4f, 0xff, 0x7f, 0xfc, 0x0, 0x0, 0x0,
    0x4f, 0xff, 0x7f, 0xfc, 0x0, 0x0, 0x0, 0x4f,
    0xff, 0x7f, 0xfc, 0x0, 0x0, 0x0, 0x4f, 0xff,
    0x7f, 0xfc, 0x0, 0x0, 0x0, 0x4f, 0xff, 0x7f,
    0xfc, 0x0, 0x0, 0x0, 0x4f, 0xff, 0x7f, 0xfc,
    0x0, 0x0, 0x0, 0x4f, 0xff, 0x7f, 0xfc, 0x0,
    0x0, 0x0, 0x4f, 0xff, 0x7f, 0xfc, 0x0, 0x0,
    0x0, 0x4f, 0xff, 0x6f, 0xfc, 0x0, 0x0, 0x0,
    0x4f, 0xff, 0x5f, 0xfe, 0x0, 0x0, 0x0, 0x5f,
    0xff, 0x2f, 0xff, 0x80, 0x0, 0x2, 0xdf, 0xff,
    0xb, 0xff, 0xff, 0xdd, 0xef, 0xff, 0xff, 0x1,
    0xdf, 0xff, 0xff, 0xff, 0xff, 0xff, 0x0, 0x7,
    0xce, 0xff, 0xec, 0x6f, 0xff,

    /* U+0076 "v" */
    0x6f, 0xff, 0x10, 0x0, 0x0, 0x0, 0x6f, 0xfe,
    0x2, 0xff, 0xf5, 0x0, 0x0, 0x0, 0xb, 0xff,
    0xa0, 0xd, 0xff, 0x90, 0x0, 0x0, 0x0, 0xff,
    0xf5, 0x0, 0x8f, 0xfd, 0x0, 0x0, 0x0, 0x3f,
    0xff, 0x10, 0x4, 0xff, 0xf2, 0x0, 0x0, 0x7,
    0xff, 0xc0, 0x0, 0xf, 0xff, 0x60, 0x0, 0x0,
    0xcf, 0xf8, 0x0, 0x0, 0xaf, 0xfb, 0x0, 0x0,
    0xf, 0xff, 0x30, 0x0, 0x6, 0xff, 0xf0, 0x0,
    0x4, 0xff, 0xe0, 0x0, 0x0, 0x1f, 0xff, 0x30,
    0x0, 0x8f, 0xfa, 0x0, 0x0, 0x0, 0xdf, 0xf8,
    0x0, 0xc, 0xff, 0x50, 0x0, 0x0, 0x8, 0xff,
    0xc0, 0x1, 0xff, 0xf1, 0x0, 0x0, 0x0, 0x3f,
    0xff, 0x0, 0x5f, 0xfc, 0x0, 0x0, 0x0, 0x0,
    0xef, 0xf5, 0x9, 0xff, 0x70, 0x0, 0x0, 0x0,
    0xa, 0xff, 0x90, 0xdf, 0xf3, 0x0, 0x0, 0x0,
    0x0, 0x5f, 0xfd, 0x2f, 0xfe, 0x0, 0x0, 0x0,
    0x0, 0x1, 0xff, 0xf8, 0xff, 0x90, 0x0, 0x0,
    0x0, 0x0, 0xc, 0xff, 0xff, 0xf5, 0x0, 0x0,
    0x0, 0x0, 0x0, 0x8f, 0xff, 0xff, 0x0, 0x0,
    0x0, 0x0, 0x0, 0x3, 0xff, 0xff, 0xc0, 0x0,
    0x0, 0x0,

    /* U+0077 "w" */
    0x9f, 0xfa, 0x0, 0x0, 0x0, 0x0, 0x0, 0xe,
    0xff, 0x16, 0xff, 0xc0, 0x0, 0x0, 0x0, 0x0,
    0x0, 0xff, 0xe0, 0x3f, 0xfe, 0x0, 0x0, 0x0,
    0x0, 0x0, 0x3f, 0xfb, 0x0, 0xff, 0xf0, 0x0,
    0x7, 0x97, 0x0, 0x5, 0xff, 0x90, 0xd, 0xff,
    0x30, 0x0, 0xff, 0xe0, 0x0, 0x7f, 0xf6, 0x0,
    0xaf, 0xf5, 0x0, 0x3f, 0xff, 0x10, 0xa, 0xff,
    0x30, 0x8, 0xff, 0x70, 0x6, 0xff, 0xf4, 0x0,
    0xcf, 0xf0, 0x0, 0x5f, 0xfa, 0x0, 0xaf, 0xff,
    0x80, 0xe, 0xfd, 0x0, 0x2, 0xff, 0xc0, 0xd,
    0xff, 0xfb, 0x1, 0xff, 0xa0, 0x0, 0xf, 0xfe,
    0x1, 0xff, 0xff, 0xe0, 0x3f, 0xf7, 0x0, 0x0,
    0xcf, 0xf0, 0x4f, 0xf9, 0xff, 0x15, 0xff, 0x50,
    0x0, 0x9, 0xff, 0x38, 0xfe, 0x4f, 0xf4, 0x8f,
    0xf2, 0x0, 0x0, 0x6f, 0xf5, 0xbf, 0xa1, 0xff,
    0x7a, 0xff, 0x0, 0x0, 0x3, 0xff, 0x7e, 0xf7,
    0xe, 0xfa, 0xcf, 0xc0, 0x0, 0x0, 0x1f, 0xfc,
    0xff, 0x40, 0xbf, 0xde, 0xf9, 0x0, 0x0, 0x0,
    0xef, 0xff, 0xf0, 0x8, 0xff, 0xff, 0x60, 0x0,
    0x0, 0xb, 0xff, 0xfd, 0x0, 0x5f, 0xff, 0xf4,
    0x0, 0x0, 0x0, 0x8f, 0xff, 0x90, 0x2, 0xff,
    0xff, 0x10, 0x0, 0x0, 0x5, 0xff, 0xf6, 0x0,
    0xe, 0xff, 0xe0, 0x0, 0x0,

    /* U+0078 "x" */
    0xc, 0xff, 0xe0, 0x0, 0x0, 0x4, 0xff, 0xf3,
    0x0, 0x3f, 0xff, 0x80, 0x0, 0x0, 0xdf, 0xf9,
    0x0, 0x0, 0x9f, 0xff, 0x20, 0x0, 0x7f, 0xfe,
    0x10, 0x0, 0x1, 0xef, 0xfa, 0x0, 0x1f, 0xff,
    0x50, 0x0, 0x0, 0x6, 0xff, 0xf3, 0x9, 0xff,
    0xc0, 0x0, 0x0, 0x0, 0xc, 0xff, 0xc3, 0xff,
    0xf2, 0x0, 0x0, 0x0, 0x0, 0x3f, 0xff, 0xef,
    0xf8, 0x0, 0x0, 0x0, 0x0, 0x0, 0xaf, 0xff,
    0xfe, 0x0, 0x0, 0x0, 0x0, 0x0, 0x1, 0xff,
    0xff, 0x40, 0x0, 0x0, 0x0, 0x0, 0x0, 0xc,
    0xff, 0xf3, 0x0, 0x0, 0x0, 0x0, 0x0, 0x6,
    0xff, 0xff, 0xd0, 0x0, 0x0, 0x0, 0x0, 0x1,
    0xef, 0xff, 0xff, 0x70, 0x0, 0x0, 0x0, 0x0,
    0x9f, 0xfc, 0x6f, 0xff, 0x10, 0x0, 0x0, 0x0,
    0x3f, 0xff, 0x30, 0xdf, 0xfa, 0x0, 0x0, 0x0,
    0xc, 0xff, 0xa0, 0x4, 0xff, 0xf4, 0x0, 0x0,
    0x6, 0xff, 0xf1, 0x0, 0xb, 0xff, 0xd0, 0x0,
    0x1, 0xef, 0xf7, 0x0, 0x0, 0x2f, 0xff, 0x70,
    0x0, 0xaf, 0xfe, 0x0, 0x0, 0x0, 0x9f, 0xff,
    0x20, 0x3f, 0xff, 0x50, 0x0, 0x0, 0x1, 0xff,
    0xfb, 0x0,

    /* U+0079 "y" */
    0x7f, 0xff, 0x0, 0x0, 0x0, 0x0, 0x5f, 0xfe,
    0x1, 0xff, 0xf5, 0x0, 0x0, 0x0, 0x9, 0xff,
    0xa0, 0xc, 0xff, 0xa0, 0x0, 0x0, 0x0, 0xdf,
    0xf6, 0x0, 0x7f, 0xfe, 0x0, 0x0, 0x0, 0x2f,
    0xff, 0x10, 0x2, 0xff, 0xf3, 0x0, 0x0, 0x6,
    0xff, 0xc0, 0x0, 0xc, 0xff, 0x80, 0x0, 0x0,
    0xaf, 0xf8, 0x0, 0x0, 0x7f, 0xfd, 0x0, 0x0,
    0xe, 0xff, 0x30, 0x0, 0x2, 0xff, 0xf2, 0x0,
    0x2, 0xff, 0xf0, 0x0, 0x0, 0xc, 0xff, 0x60,
    0x0, 0x6f, 0xfa, 0x0, 0x0, 0x0, 0x7f, 0xfb,
    0x0, 0xb, 0xff, 0x60, 0x0, 0x0, 0x2, 0xff,
    0xf0, 0x0, 0xff, 0xf1, 0x0, 0x0, 0x0, 0xd,
    0xff, 0x50, 0x3f, 0xfd, 0x0, 0x0, 0x0, 0x0,
    0x7f, 0xf9, 0x7, 0xff, 0x80, 0x0, 0x0, 0x0,
    0x2, 0xff, 0xe0, 0xbf, 0xf3, 0x0, 0x0, 0x0,
    0x0, 0xd, 0xff, 0x3f, 0xff, 0x0, 0x0, 0x0,
    0x0, 0x0, 0x8f, 0xfc, 0xff, 0xa0, 0x0, 0x0,
    0x0, 0x0, 0x2, 0xff, 0xff, 0xf6, 0x0, 0x0,
    0x0, 0x0, 0x0, 0xd, 0xff, 0xff, 0x10, 0x0,
    0x0, 0x0, 0x0, 0x0, 0x8f, 0xff, 0xd0, 0x0,
    0x0, 0x0, 0x0, 0x0, 0x0, 0xbf, 0xf8, 0x0,
    0x0, 0x0, 0x0, 0x0, 0x0, 0xf, 0xff, 0x30,
    0x0, 0x0, 0x0, 0x0, 0x0, 0x8, 0xff, 0xe0,
    0x0, 0x0, 0x0, 0x0, 0xa, 0xde, 0xff, 0xf8,
    0x0, 0x0, 0x0, 0x0, 0x0, 0xcf, 0xff, 0xfe,
    0x10, 0x0, 0x0, 0x0, 0x0, 0xc, 0xff, 0xea,
    0x10, 0x0, 0x0, 0x0, 0x0,

    /* U+007A "z" */
    0x3f, 0xff, 0xff, 0xff, 0xff, 0xff, 0x73, 0xff,
    0xff, 0xff, 0xff, 0xff, 0xf7, 0x2d, 0xdd, 0xdd,
    0xdd, 0xdf, 0xff, 0x70, 0x0, 0x0, 0x0, 0x8,
    0xff, 0xf5, 0x0, 0x0, 0x0, 0x3, 0xff, 0xfb,
    0x0, 0x0, 0x0, 0x0, 0xdf, 0xfe, 0x10, 0x0,
    0x0, 0x0, 0x9f, 0xff, 0x50, 0x0, 0x0, 0x0,
    0x4f, 0xff, 0xa0, 0x0, 0x0, 0x0, 0xe, 0xff,
    0xe1, 0x0, 0x0, 0x0, 0x9, 0xff, 0xf4, 0x0,
    0x0, 0x0, 0x4, 0xff, 0xf9, 0x0, 0x0, 0x0,
    0x1, 0xef, 0xfd, 0x0, 0x0, 0x0, 0x0, 0xaf,
    0xff, 0x30, 0x0, 0x0, 0x0, 0x4f, 0xff, 0x80,
    0x0, 0x0, 0x0, 0x1e, 0xff, 0xc0, 0x0, 0x0,
    0x0, 0xa, 0xff, 0xf2, 0x0, 0x0, 0x0, 0x0,
    0xff, 0xff, 0xdd, 0xdd, 0xdd, 0xdd, 0x1f, 0xff,
    0xff, 0xff, 0xff, 0xff, 0xf1, 0xff, 0xff, 0xff,
    0xff, 0xff, 0xff, 0x10,

    /* U+007B "{" */
    0x0, 0x0, 0x5, 0x9a, 0xa9, 0x0, 0x0, 0xcf,
    0xff, 0xfe, 0x0, 0x5, 0xff, 0xff, 0xfe, 0x0,
    0x9, 0xff, 0x80, 0x0, 0x0, 0xb, 0xff, 0x40,
    0x0, 0x0, 0xb, 0xff, 0x40, 0x0, 0x0, 0xb,
    0xff, 0x40, 0x0, 0x0, 0xb, 0xff, 0x40, 0x0,
    0x0, 0xb, 0xff, 0x40, 0x0, 0x0, 0xb, 0xff,
    0x40, 0x0, 0x0, 0xb, 0xff, 0x40, 0x0, 0x0,
    0xb, 0xff, 0x40, 0x0, 0x0, 0xb, 0xff, 0x40,
    0x0, 0x0, 0xb, 0xff, 0x30, 0x0, 0x0, 0xd,
    0xff, 0x20, 0x0, 0x1, 0x7f, 0xfe, 0x0, 0x0,
    0x6f, 0xff, 0xf6, 0x0, 0x0, 0x6f, 0xfe, 0x60,
    0x0, 0x0, 0x6f, 0xfc, 0x40, 0x0, 0x0, 0x6f,
    0xff, 0xf4, 0x0, 0x0, 0x14, 0x9f, 0xfc, 0x0,
    0x0, 0x0, 0xd, 0xff, 0x10, 0x0, 0x0, 0xb,
    0xff, 0x30, 0x0, 0x0, 0xb, 0xff, 0x40, 0x0,
    0x0, 0xb, 0xff, 0x40, 0x0, 0x0, 0xb, 0xff,
    0x40, 0x0, 0x0, 0xb, 0xff, 0x40, 0x0, 0x0,
    0xb, 0xff, 0x40, 0x0, 0x0, 0xb, 0xff, 0x40,
    0x0, 0x0, 0xb, 0xff, 0x40, 0x0, 0x0, 0xb,
    0xff, 0x40, 0x0, 0x0, 0xb, 0xff, 0x40, 0x0,
    0x0, 0xa, 0xff, 0x50, 0x0, 0x0, 0x7, 0xff,
    0xfb, 0xa9, 0x0, 0x1, 0xff, 0xff, 0xfe, 0x0,
    0x0, 0x3b, 0xef, 0xfe,

    /* U+007C "|" */
    0x4f, 0xfc, 0x4f, 0xfc, 0x4f, 0xfc, 0x4f, 0xfc,
    0x4f, 0xfc, 0x4f, 0xfc, 0x4f, 0xfc, 0x4f, 0xfc,
    0x4f, 0xfc, 0x4f, 0xfc, 0x4f, 0xfc, 0x4f, 0xfc,
    0x4f, 0xfc, 0x4f, 0xfc, 0x4f, 0xfc, 0x4f, 0xfc,
    0x4f, 0xfc, 0x4f, 0xfc, 0x4f, 0xfc, 0x4f, 0xfc,
    0x4f, 0xfc, 0x4f, 0xfc, 0x4f, 0xfc, 0x4f, 0xfc,
    0x4f, 0xfc, 0x4f, 0xfc, 0x4f, 0xfc, 0x4f, 0xfc,
    0x4f, 0xfc, 0x4f, 0xfc, 0x4f, 0xfc, 0x4f, 0xfc,
    0x4f, 0xfc, 0x4f, 0xfc, 0x4f, 0xfc,

    /* U+007D "}" */
    0x4a, 0xaa, 0x72, 0x0, 0x0, 0x6f, 0xff, 0xff,
    0x40, 0x0, 0x6f, 0xff, 0xff, 0xd0, 0x0, 0x0,
    0x2, 0xff, 0xf1, 0x0, 0x0, 0x0, 0xcf, 0xf2,
    0x0, 0x0, 0x0, 0xcf, 0xf3, 0x0, 0x0, 0x0,
    0xcf, 0xf3, 0x0, 0x0, 0x0, 0xcf, 0xf3, 0x0,
    0x0, 0x0, 0xcf, 0xf3, 0x0, 0x0, 0x0, 0xcf,
    0xf3, 0x0, 0x0, 0x0, 0xcf, 0xf3, 0x0, 0x0,
    0x0, 0xcf, 0xf3, 0x0, 0x0, 0x0, 0xcf, 0xf3,
    0x0, 0x0, 0x0, 0xcf, 0xf3, 0x0, 0x0, 0x0,
    0xaf, 0xf5, 0x0, 0x0, 0x0, 0x6f, 0xfc, 0x30,
    0x0, 0x0, 0xe, 0xff, 0xfe, 0x0, 0x0, 0x1,
    0xcf, 0xfe, 0x0, 0x0, 0x0, 0x9f, 0xfe, 0x0,
    0x0, 0xc, 0xff, 0xfe, 0x0, 0x0, 0x5f, 0xfd,
    0x63, 0x0, 0x0, 0x9f, 0xf5, 0x0, 0x0, 0x0,
    0xbf, 0xf3, 0x0, 0x0, 0x0, 0xcf, 0xf3, 0x0,
    0x0, 0x0, 0xcf, 0xf3, 0x0, 0x0, 0x0, 0xcf,
    0xf3, 0x0, 0x0, 0x0, 0xcf, 0xf3, 0x0, 0x0,
    0x0, 0xcf, 0xf3, 0x0, 0x0, 0x0, 0xcf, 0xf3,
    0x0, 0x0, 0x0, 0xcf, 0xf3, 0x0, 0x0, 0x0,
    0xcf, 0xf3, 0x0, 0x0, 0x0, 0xcf, 0xf3, 0x0,
    0x0, 0x0, 0xef, 0xf2, 0x0, 0x4a, 0xad, 0xff,
    0xe0, 0x0, 0x6f, 0xff, 0xff, 0x80, 0x0, 0x6f,
    0xff, 0xd7, 0x0, 0x0,

    /* U+007E "~" */
    0x0, 0x3a, 0xfe, 0x81, 0x0, 0x0, 0x16, 0x1a,
    0xff, 0xff, 0xff, 0x92, 0x7, 0xfb, 0x3f, 0xff,
    0xff, 0xff, 0xff, 0xff, 0xfb, 0x3f, 0xd5, 0x3,
    0x9f, 0xff, 0xff, 0xe5, 0x26, 0x0, 0x0, 0x0,
    0x7e, 0xf9, 0x10
};


/*---------------------
 *  GLYPH DESCRIPTION
 *--------------------*/

static const lv_font_fmt_txt_glyph_dsc_t glyph_dsc[] = {
    {.bitmap_index = 0, .adv_w = 0, .box_w = 0, .box_h = 0, .ofs_x = 0, .ofs_y = 0} /* id = 0 reserved */,
    {.bitmap_index = 0, .adv_w = 328, .box_w = 0, .box_h = 0, .ofs_x = 0, .ofs_y = 0},
    {.bitmap_index = 0, .adv_w = 328, .box_w = 5, .box_h = 27, .ofs_x = 8, .ofs_y = 0},
    {.bitmap_index = 68, .adv_w = 328, .box_w = 11, .box_h = 10, .ofs_x = 5, .ofs_y = 17},
    {.bitmap_index = 123, .adv_w = 328, .box_w = 15, .box_h = 27, .ofs_x = 3, .ofs_y = 0},
    {.bitmap_index = 326, .adv_w = 328, .box_w = 14, .box_h = 34, .ofs_x = 3, .ofs_y = -4},
    {.bitmap_index = 564, .adv_w = 328, .box_w = 21, .box_h = 27, .ofs_x = 0, .ofs_y = 0},
    {.bitmap_index = 848, .adv_w = 328, .box_w = 16, .box_h = 27, .ofs_x = 3, .ofs_y = 0},
    {.bitmap_index = 1064, .adv_w = 328, .box_w = 5, .box_h = 10, .ofs_x = 8, .ofs_y = 17},
    {.bitmap_index = 1089, .adv_w = 328, .box_w = 9, .box_h = 36, .ofs_x = 6, .ofs_y = -5},
    {.bitmap_index = 1251, .adv_w = 328, .box_w = 9, .box_h = 36, .ofs_x = 6, .ofs_y = -5},
    {.bitmap_index = 1413, .adv_w = 328, .box_w = 16, .box_h = 15, .ofs_x = 2, .ofs_y = 12},
    {.bitmap_index = 1533, .adv_w = 328, .box_w = 15, .box_h = 15, .ofs_x = 3, .ofs_y = 4},
    {.bitmap_index = 1646, .adv_w = 328, .box_w = 6, .box_h = 10, .ofs_x = 7, .ofs_y = -5},
    {.bitmap_index = 1676, .adv_w = 328, .box_w = 13, .box_h = 3, .ofs_x = 4, .ofs_y = 10},
    {.bitmap_index = 1696, .adv_w = 328, .box_w = 5, .box_h = 4, .ofs_x = 8, .ofs_y = 0},
    {.bitmap_index = 1706, .adv_w = 328, .box_w = 18, .box_h = 35, .ofs_x = 1, .ofs_y = -4},
    {.bitmap_index = 2021, .adv_w = 328, .box_w = 15, .box_h = 27, .ofs_x = 3, .ofs_y = 0},
    {.bitmap_index = 2224, .adv_w = 328, .box_w = 14, .box_h = 27, .ofs_x = 3, .ofs_y = 0},
    {.bitmap_index = 2413, .adv_w = 328, .box_w = 14, .box_h = 27, .ofs_x = 3, .ofs_y = 0},
    {.bitmap_index = 2602, .adv_w = 328, .box_w = 12, .box_h = 27, .ofs_x = 4, .ofs_y = 0},
    {.bitmap_index = 2764, .adv_w = 328, .box_w = 15, .box_h = 27, .ofs_x = 3, .ofs_y = 0},
    {.bitmap_index = 2967, .adv_w = 328, .box_w = 12, .box_h = 27, .ofs_x = 4, .ofs_y = 0},
    {.bitmap_index = 3129, .adv_w = 328, .box_w = 15, .box_h = 27, .ofs_x = 3, .ofs_y = 0},
    {.bitmap_index = 3332, .adv_w = 328, .box_w = 14, .box_h = 27, .ofs_x = 3, .ofs_y = 0},
    {.bitmap_index = 3521, .adv_w = 328, .box_w = 15, .box_h = 27, .ofs_x = 3, .ofs_y = 0},
    {.bitmap_index = 3724, .adv_w = 328, .box_w = 14, .box_h = 27, .ofs_x = 3, .ofs_y = 0},
    {.bitmap_index = 3913, .adv_w = 328, .box_w = 5, .box_h = 19, .ofs_x = 8, .ofs_y = 0},
    {.bitmap_index = 3961, .adv_w = 328, .box_w = 6, .box_h = 25, .ofs_x = 7, .ofs_y = -6},
    {.bitmap_index = 4036, .adv_w = 328, .box_w = 15, .box_h = 19, .ofs_x = 3, .ofs_y = 3},
    {.bitmap_index = 4179, .adv_w = 328, .box_w = 15, .box_h = 11, .ofs_x = 3, .ofs_y = 7},
    {.bitmap_index = 4262, .adv_w = 328, .box_w = 15, .box_h = 19, .ofs_x = 3, .ofs_y = 3},
    {.bitmap_index = 4405, .adv_w = 328, .box_w = 12, .box_h = 27, .ofs_x = 4, .ofs_y = 0},
    {.bitmap_index = 4567, .adv_w = 328, .box_w = 19, .box_h = 27, .ofs_x = 1, .ofs_y = 0},
    {.bitmap_index = 4824, .adv_w = 328, .box_w = 18, .box_h = 27, .ofs_x = 1, .ofs_y = 0},
    {.bitmap_index = 5067, .adv_w = 328, .box_w = 15, .box_h = 27, .ofs_x = 3, .ofs_y = 0},
    {.bitmap_index = 5270, .adv_w = 328, .box_w = 13, .box_h = 27, .ofs_x = 4, .ofs_y = 0},
    {.bitmap_index = 5446, .adv_w = 328, .box_w = 15, .box_h = 27, .ofs_x = 3, .ofs_y = 0},
    {.bitmap_index = 5649, .adv_w = 328, .box_w = 14, .box_h = 27, .ofs_x = 3, .ofs_y = 0},
    {.bitmap_index = 5838, .adv_w = 328, .box_w = 13, .box_h = 27, .ofs_x = 4, .ofs_y = 0},
    {.bitmap_index = 6014, .adv_w = 328, .box_w = 14, .box_h = 27, .ofs_x = 3, .ofs_y = 0},
    {.bitmap_index = 6203, .adv_w = 328, .box_w = 15, .box_h = 27, .ofs_x = 3, .ofs_y = 0},
    {.bitmap_index = 6406, .adv_w = 328, .box_w = 11, .box_h = 27, .ofs_x = 5, .ofs_y = 0},
    {.bitmap_index = 6555, .adv_w = 328, .box_w = 12, .box_h = 27, .ofs_x = 4, .ofs_y = 0},
    {.bitmap_index = 6717, .adv_w = 328, .box_w = 15, .box_h = 27, .ofs_x = 3, .ofs_y = 0},
    {.bitmap_index = 6920, .adv_w = 328, .box_w = 13, .box_h = 27, .ofs_x = 4, .ofs_y = 0},
    {.bitmap_index = 7096, .adv_w = 328, .box_w = 17, .box_h = 27, .ofs_x = 2, .ofs_y = 0},
    {.bitmap_index = 7326, .adv_w = 328, .box_w = 15, .box_h = 27, .ofs_x = 3, .ofs_y = 0},
    {.bitmap_index = 7529, .adv_w = 328, .box_w = 16, .box_h = 27, .ofs_x = 2, .ofs_y = 0},
    {.bitmap_index = 7745, .adv_w = 328, .box_w = 15, .box_h = 27, .ofs_x = 3, .ofs_y = 0},
    {.bitmap_index = 7948, .adv_w = 328, .box_w = 18, .box_h = 30, .ofs_x = 2, .ofs_y = -3},
    {.bitmap_index = 8218, .adv_w = 328, .box_w = 17, .box_h = 27, .ofs_x = 2, .ofs_y = 0},
    {.bitmap_index = 8448, .adv_w = 328, .box_w = 14, .box_h = 27, .ofs_x = 3, .ofs_y = 0},
    {.bitmap_index = 8637, .adv_w = 328, .box_w = 16, .box_h = 27, .ofs_x = 2, .ofs_y = 0},
    {.bitmap_index = 8853, .adv_w = 328, .box_w = 16, .box_h = 27, .ofs_x = 2, .ofs_y = 0},
    {.bitmap_index = 9069, .adv_w = 328, .box_w = 17, .box_h = 27, .ofs_x = 2, .ofs_y = 0},
    {.bitmap_index = 9299, .adv_w = 328, .box_w = 18, .box_h = 27, .ofs_x = 1, .ofs_y = 0},
    {.bitmap_index = 9542, .adv_w = 328, .box_w = 18, .box_h = 27, .ofs_x = 1, .ofs_y = 0},
    {.bitmap_index = 9785, .adv_w = 328, .box_w = 18, .box_h = 27, .ofs_x = 1, .ofs_y = 0},
    {.bitmap_index = 10028, .adv_w = 328, .box_w = 15, .box_h = 27, .ofs_x = 3, .ofs_y = 0},
    {.bitmap_index = 10231, .adv_w = 328, .box_w = 9, .box_h = 36, .ofs_x = 6, .ofs_y = -5},
    {.bitmap_index = 10393, .adv_w = 328, .box_w = 18, .box_h = 35, .ofs_x = 1, .ofs_y = -4},
    {.bitmap_index = 10708, .adv_w = 328, .box_w = 9, .box_h = 36, .ofs_x = 6, .ofs_y = -5},
    {.bitmap_index = 10870, .adv_w = 328, .box_w = 16, .box_h = 13, .ofs_x = 2, .ofs_y = 16},
    {.bitmap_index = 10974, .adv_w = 328, .box_w = 20, .box_h = 3, .ofs_x = 0, .ofs_y = -6},
    {.bitmap_index = 11004, .adv_w = 328, .box_w = 9, .box_h = 5, .ofs_x = 6, .ofs_y = 22},
    {.bitmap_index = 11027, .adv_w = 328, .box_w = 16, .box_h = 19, .ofs_x = 2, .ofs_y = 0},
    {.bitmap_index = 11179, .adv_w = 328, .box_w = 15, .box_h = 27, .ofs_x = 3, .ofs_y = 0},
    {.bitmap_index = 11382, .adv_w = 328, .box_w = 12, .box_h = 19, .ofs_x = 4, .ofs_y = 0},
    {.bitmap_index = 11496, .adv_w = 328, .box_w = 15, .box_h = 27, .ofs_x = 3, .ofs_y = 0},
    {.bitmap_index = 11699, .adv_w = 328, .box_w = 14, .box_h = 19, .ofs_x = 3, .ofs_y = 0},
    {.bitmap_index = 11832, .adv_w = 328, .box_w = 14, .box_h = 27, .ofs_x = 3, .ofs_y = 0},
    {.bitmap_index = 12021, .adv_w = 328, .box_w = 16, .box_h = 25, .ofs_x = 2, .ofs_y = -6},
    {.bitmap_index = 12221, .adv_w = 328, .box_w = 15, .box_h = 27, .ofs_x = 3, .ofs_y = 0},
    {.bitmap_index = 12424, .adv_w = 328, .box_w = 15, .box_h = 27, .ofs_x = 3, .ofs_y = 0},
    {.bitmap_index = 12627, .adv_w = 328, .box_w = 11, .box_h = 33, .ofs_x = 5, .ofs_y = -6},
    {.bitmap_index = 12809, .adv_w = 328, .box_w = 15, .box_h = 27, .ofs_x = 3, .ofs_y = 0},
    {.bitmap_index = 13012, .adv_w = 328, .box_w = 16, .box_h = 27, .ofs_x = 2, .ofs_y = 0},
    {.bitmap_index = 13228, .adv_w = 328, .box_w = 18, .box_h = 19, .ofs_x = 1, .ofs_y = 0},
    {.bitmap_index = 13399, .adv_w = 328, .box_w = 15, .box_h = 19, .ofs_x = 3, .ofs_y = 0},
    {.bitmap_index = 13542, .adv_w = 328, .box_w = 15, .box_h = 19, .ofs_x = 3, .ofs_y = 0},
    {.bitmap_index = 13685, .adv_w = 328, .box_w = 15, .box_h = 25, .ofs_x = 3, .ofs_y = -6},
    {.bitmap_index = 13873, .adv_w = 328, .box_w = 15, .box_h = 25, .ofs_x = 3, .ofs_y = -6},
    {.bitmap_index = 14061, .adv_w = 328, .box_w = 14, .box_h = 19, .ofs_x = 3, .ofs_y = 0},
    {.bitmap_index = 14194, .adv_w = 328, .box_w = 13, .box_h = 19, .ofs_x = 4, .ofs_y = 0},
    {.bitmap_index = 14318, .adv_w = 328, .box_w = 13, .box_h = 24, .ofs_x = 4, .ofs_y = 0},
    {.bitmap_index = 14474, .adv_w = 328, .box_w = 14, .box_h = 19, .ofs_x = 3, .ofs_y = 0},
    {.bitmap_index = 14607, .adv_w = 328, .box_w = 17, .box_h = 19, .ofs_x = 2, .ofs_y = 0},
    {.bitmap_index = 14769, .adv_w = 328, .box_w = 19, .box_h = 19, .ofs_x = 1, .ofs_y = 0},
    {.bitmap_index = 14950, .adv_w = 328, .box_w = 17, .box_h = 19, .ofs_x = 2, .ofs_y = 0},
    {.bitmap_index = 15112, .adv_w = 328, .box_w = 17, .box_h = 25, .ofs_x = 2, .ofs_y = -6},
    {.bitmap_index = 15325, .adv_w = 328, .box_w = 13, .box_h = 19, .ofs_x = 4, .ofs_y = 0},
    {.bitmap_index = 15449, .adv_w = 328, .box_w = 10, .box_h = 36, .ofs_x = 5, .ofs_y = -5},
    {.bitmap_index = 15629, .adv_w = 328, .box_w = 4, .box_h = 35, .ofs_x = 8, .ofs_y = -4},
    {.bitmap_index = 15699, .adv_w = 328, .box_w = 10, .box_h = 36, .ofs_x = 5, .ofs_y = -5},
    {.bitmap_index = 15879, .adv_w = 328, .box_w = 14, .box_h = 5, .ofs_x = 3, .ofs_y = 10}
};

/*---------------------
 *  CHARACTER MAPPING
 *--------------------*/



/*Collect the unicode lists and glyph_id offsets*/
static const lv_font_fmt_txt_cmap_t cmaps[] =
{
    {
        .range_start = 32, .range_length = 95, .glyph_id_start = 1,
        .unicode_list = NULL, .glyph_id_ofs_list = NULL, .list_length = 0, .type = LV_FONT_FMT_TXT_CMAP_FORMAT0_TINY
    }
};



/*--------------------
 *  ALL CUSTOM DATA
 *--------------------*/

static const lv_font_fmt_txt_dsc_t font_dsc = {
    .glyph_bitmap = glyph_bitmap,
    .glyph_dsc = glyph_dsc,
    .cmaps = cmaps,
    .kern_dsc = NULL,
    .kern_scale = 0,
    .cmap_num = 1,
    .bpp = 4,
    .kern_classes = 0,
    .bitmap_format = 0
};



/*-----------------
 *  PUBLIC FONT
 *----------------*/

/*Initialize a public general font descriptor*/
const lv_font_t font_sharetech_38 = {
    .get_glyph_dsc = lv_font_get_glyph_dsc_fmt_txt,
    .get_glyph_bitmap = lv_font_get_bitmap_fmt_txt,
    .release_glyph = NULL,
    .line_height = 37,
    .base_line = 6,
    .subpx = LV_FONT_SUBPX_NONE,
    .kerning = 0,
    .static_bitmap = 0,
    .underline_position = -4,
    .underline_thickness = 2,
    .dsc = &font_dsc,
    .fallback = NULL,
    .user_data = NULL,
};



#endif /*#if FONT_SHARETECH_38*/
